D:\FileSuites\PDF\PDF_diverse\DROIDunknowns\pdf_1_6\DROIDunknowns148974.pdf;V1\;Unknown,;not known,;7
D:\FileSuites\PDF\PDF_diverse\DROIDunknowns\pdf_1_6\DROIDunknowns148974.pdf;V10\;Unknown,;not known,;7
D:\FileSuites\PDF\PDF_diverse\DROIDunknowns\pdf_1_6\DROIDunknowns148974.pdf;V11\;Unknown,;not known,;7
D:\FileSuites\PDF\PDF_diverse\DROIDunknowns\pdf_1_6\DROIDunknowns148974.pdf;V12\;Unknown,;not known,;7
D:\FileSuites\PDF\PDF_diverse\DROIDunknowns\pdf_1_6\DROIDunknowns148974.pdf;V13\;Unknown,;not known,;7
D:\FileSuites\PDF\PDF_diverse\DROIDunknowns\pdf_1_6\DROIDunknowns148974.pdf;V16\;fmt/20,;Acrobat PDF 1.6 - Portable Document Format,;7
D:\FileSuites\PDF\PDF_diverse\DROIDunknowns\pdf_1_6\DROIDunknowns148974.pdf;V17\;fmt/20,;Acrobat PDF 1.6 - Portable Document Format,;7
D:\FileSuites\PDF\PDF_diverse\DROIDunknowns\pdf_1_6\DROIDunknowns148974.pdf;V18\;fmt/20,;Acrobat PDF 1.6 - Portable Document Format,;7
D:\FileSuites\PDF\PDF_diverse\DROIDunknowns\pdf_1_6\DROIDunknowns148974.pdf;V19\;fmt/20,;Acrobat PDF 1.6 - Portable Document Format,;7
D:\FileSuites\PDF\PDF_diverse\DROIDunknowns\pdf_1_6\DROIDunknowns148974.pdf;V2\;Unknown,;not known,;7
D:\FileSuites\PDF\PDF_diverse\DROIDunknowns\pdf_1_6\DROIDunknowns148974.pdf;V20\;Unknown,;not known,;7
D:\FileSuites\PDF\PDF_diverse\DROIDunknowns\pdf_1_6\DROIDunknowns148974.pdf;V21\;fmt/20,;Acrobat PDF 1.6 - Portable Document Format,;7
D:\FileSuites\PDF\PDF_diverse\DROIDunknowns\pdf_1_6\DROIDunknowns148974.pdf;V22\;fmt/20,;Acrobat PDF 1.6 - Portable Document Format,;7
D:\FileSuites\PDF\PDF_diverse\DROIDunknowns\pdf_1_6\DROIDunknowns148974.pdf;V23\;fmt/20,;Acrobat PDF 1.6 - Portable Document Format,;7
D:\FileSuites\PDF\PDF_diverse\DROIDunknowns\pdf_1_6\DROIDunknowns148974.pdf;V24\;fmt/20,;Acrobat PDF 1.6 - Portable Document Format,;7
D:\FileSuites\PDF\PDF_diverse\DROIDunknowns\pdf_1_6\DROIDunknowns148974.pdf;V25\;fmt/20,;Acrobat PDF 1.6 - Portable Document Format,;7
D:\FileSuites\PDF\PDF_diverse\DROIDunknowns\pdf_1_6\DROIDunknowns148974.pdf;V26\;fmt/20,;Acrobat PDF 1.6 - Portable Document Format,;7
D:\FileSuites\PDF\PDF_diverse\DROIDunknowns\pdf_1_6\DROIDunknowns148974.pdf;V28\;fmt/20,;Acrobat PDF 1.6 - Portable Document Format,;7
D:\FileSuites\PDF\PDF_diverse\DROIDunknowns\pdf_1_6\DROIDunknowns148974.pdf;V29\;fmt/20,;Acrobat PDF 1.6 - Portable Document Format,;7
D:\FileSuites\PDF\PDF_diverse\DROIDunknowns\pdf_1_6\DROIDunknowns148974.pdf;V3\;Unknown,;not known,;7
D:\FileSuites\PDF\PDF_diverse\DROIDunknowns\pdf_1_6\DROIDunknowns148974.pdf;V31\;fmt/20,;Acrobat PDF 1.6 - Portable Document Format,;7
D:\FileSuites\PDF\PDF_diverse\DROIDunknowns\pdf_1_6\DROIDunknowns148974.pdf;V32\;fmt/20,;Acrobat PDF 1.6 - Portable Document Format,;7
D:\FileSuites\PDF\PDF_diverse\DROIDunknowns\pdf_1_6\DROIDunknowns148974.pdf;V33\;fmt/20,;Acrobat PDF 1.6 - Portable Document Format,;7
D:\FileSuites\PDF\PDF_diverse\DROIDunknowns\pdf_1_6\DROIDunknowns148974.pdf;V34\;fmt/20,;Acrobat PDF 1.6 - Portable Document Format,;7
D:\FileSuites\PDF\PDF_diverse\DROIDunknowns\pdf_1_6\DROIDunknowns148974.pdf;V35\;fmt/20,;Acrobat PDF 1.6 - Portable Document Format,;7
D:\FileSuites\PDF\PDF_diverse\DROIDunknowns\pdf_1_6\DROIDunknowns148974.pdf;V36\;fmt/20,;Acrobat PDF 1.6 - Portable Document Format,;7
D:\FileSuites\PDF\PDF_diverse\DROIDunknowns\pdf_1_6\DROIDunknowns148974.pdf;V37\;fmt/20,;Acrobat PDF 1.6 - Portable Document Format,;7
D:\FileSuites\PDF\PDF_diverse\DROIDunknowns\pdf_1_6\DROIDunknowns148974.pdf;V38\;Unknown,;not known,;7
D:\FileSuites\PDF\PDF_diverse\DROIDunknowns\pdf_1_6\DROIDunknowns148974.pdf;V39\;Unknown,;not known,;7
D:\FileSuites\PDF\PDF_diverse\DROIDunknowns\pdf_1_6\DROIDunknowns148974.pdf;V4\;Unknown,;not known,;7
D:\FileSuites\PDF\PDF_diverse\DROIDunknowns\pdf_1_6\DROIDunknowns148974.pdf;V40\;Unknown,;not known,;7
D:\FileSuites\PDF\PDF_diverse\DROIDunknowns\pdf_1_6\DROIDunknowns148974.pdf;V41\;Unknown,;not known,;7
D:\FileSuites\PDF\PDF_diverse\DROIDunknowns\pdf_1_6\DROIDunknowns148974.pdf;V42\;Unknown,;not known,;7
D:\FileSuites\PDF\PDF_diverse\DROIDunknowns\pdf_1_6\DROIDunknowns148974.pdf;V43\;Unknown,;not known,;7
D:\FileSuites\PDF\PDF_diverse\DROIDunknowns\pdf_1_6\DROIDunknowns148974.pdf;V44\;Unknown,;not known,;7
D:\FileSuites\PDF\PDF_diverse\DROIDunknowns\pdf_1_6\DROIDunknowns148974.pdf;V45\;Unknown,;not known,;7
D:\FileSuites\PDF\PDF_diverse\DROIDunknowns\pdf_1_6\DROIDunknowns148974.pdf;V46\;Unknown,;not known,;7
D:\FileSuites\PDF\PDF_diverse\DROIDunknowns\pdf_1_6\DROIDunknowns148974.pdf;V47\;Unknown,;not known,;7
D:\FileSuites\PDF\PDF_diverse\DROIDunknowns\pdf_1_6\DROIDunknowns148974.pdf;V48\;Unknown,;not known,;7
D:\FileSuites\PDF\PDF_diverse\DROIDunknowns\pdf_1_6\DROIDunknowns148974.pdf;V49\;fmt/20,;Acrobat PDF 1.6 - Portable Document Format,;7
D:\FileSuites\PDF\PDF_diverse\DROIDunknowns\pdf_1_6\DROIDunknowns148974.pdf;V5\;Unknown,;not known,;7
D:\FileSuites\PDF\PDF_diverse\DROIDunknowns\pdf_1_6\DROIDunknowns148974.pdf;V50\;fmt/20,;Acrobat PDF 1.6 - Portable Document Format,;7
D:\FileSuites\PDF\PDF_diverse\DROIDunknowns\pdf_1_6\DROIDunknowns148974.pdf;V51\;fmt/20,;Acrobat PDF 1.6 - Portable Document Format,;7
D:\FileSuites\PDF\PDF_diverse\DROIDunknowns\pdf_1_6\DROIDunknowns148974.pdf;V52\;fmt/20,;Acrobat PDF 1.6 - Portable Document Format,;7
D:\FileSuites\PDF\PDF_diverse\DROIDunknowns\pdf_1_6\DROIDunknowns148974.pdf;V55\;fmt/20,;Acrobat PDF 1.6 - Portable Document Format,;7
D:\FileSuites\PDF\PDF_diverse\DROIDunknowns\pdf_1_6\DROIDunknowns148974.pdf;V58\;Unknown,;not known,;7
D:\FileSuites\PDF\PDF_diverse\DROIDunknowns\pdf_1_6\DROIDunknowns148974.pdf;V59\;Unknown,;not known,;7
D:\FileSuites\PDF\PDF_diverse\DROIDunknowns\pdf_1_6\DROIDunknowns148974.pdf;V6\;Unknown,;not known,;7
D:\FileSuites\PDF\PDF_diverse\DROIDunknowns\pdf_1_6\DROIDunknowns148974.pdf;V60\;fmt/20,;Acrobat PDF 1.6 - Portable Document Format,;7
D:\FileSuites\PDF\PDF_diverse\DROIDunknowns\pdf_1_6\DROIDunknowns148974.pdf;V61\;fmt/20,;Acrobat PDF 1.6 - Portable Document Format,;7
D:\FileSuites\PDF\PDF_diverse\DROIDunknowns\pdf_1_6\DROIDunknowns148974.pdf;V62\;fmt/20,;Acrobat PDF 1.6 - Portable Document Format,;7
D:\FileSuites\PDF\PDF_diverse\DROIDunknowns\pdf_1_6\DROIDunknowns148974.pdf;V63\;fmt/20,;Acrobat PDF 1.6 - Portable Document Format,;7
D:\FileSuites\PDF\PDF_diverse\DROIDunknowns\pdf_1_6\DROIDunknowns148974.pdf;V65\;fmt/20,;Acrobat PDF 1.6 - Portable Document Format,;7
D:\FileSuites\PDF\PDF_diverse\DROIDunknowns\pdf_1_6\DROIDunknowns148974.pdf;V66\;fmt/20,;Acrobat PDF 1.6 - Portable Document Format,;7
D:\FileSuites\PDF\PDF_diverse\DROIDunknowns\pdf_1_6\DROIDunknowns148974.pdf;V67\;fmt/20,;Acrobat PDF 1.6 - Portable Document Format,;7
D:\FileSuites\PDF\PDF_diverse\DROIDunknowns\pdf_1_6\DROIDunknowns148974.pdf;V68\;fmt/20,;Acrobat PDF 1.6 - Portable Document Format,;7
D:\FileSuites\PDF\PDF_diverse\DROIDunknowns\pdf_1_6\DROIDunknowns148974.pdf;V69\;fmt/20,;Acrobat PDF 1.6 - Portable Document Format,;7
D:\FileSuites\PDF\PDF_diverse\DROIDunknowns\pdf_1_6\DROIDunknowns148974.pdf;V7\;Unknown,;not known,;7
D:\FileSuites\PDF\PDF_diverse\DROIDunknowns\pdf_1_6\DROIDunknowns148974.pdf;V70\;fmt/20,;Acrobat PDF 1.6 - Portable Document Format,;7
D:\FileSuites\PDF\PDF_diverse\DROIDunknowns\pdf_1_6\DROIDunknowns148974.pdf;V72\;fmt/20,;Acrobat PDF 1.6 - Portable Document Format,;7
D:\FileSuites\PDF\PDF_diverse\DROIDunknowns\pdf_1_6\DROIDunknowns148974.pdf;V73\;fmt/20,;Acrobat PDF 1.6 - Portable Document Format,;7
D:\FileSuites\PDF\PDF_diverse\DROIDunknowns\pdf_1_6\DROIDunknowns148974.pdf;V74\;fmt/20,;Acrobat PDF 1.6 - Portable Document Format,;7
D:\FileSuites\PDF\PDF_diverse\DROIDunknowns\pdf_1_6\DROIDunknowns148974.pdf;V75\;fmt/20,;Acrobat PDF 1.6 - Portable Document Format,;7
D:\FileSuites\PDF\PDF_diverse\DROIDunknowns\pdf_1_6\DROIDunknowns148974.pdf;V77\;fmt/20,;Acrobat PDF 1.6 - Portable Document Format,;7
D:\FileSuites\PDF\PDF_diverse\DROIDunknowns\pdf_1_6\DROIDunknowns148974.pdf;V78\;fmt/20,;Acrobat PDF 1.6 - Portable Document Format,;7
D:\FileSuites\PDF\PDF_diverse\DROIDunknowns\pdf_1_6\DROIDunknowns148974.pdf;V79\;fmt/20,;Acrobat PDF 1.6 - Portable Document Format,;7
D:\FileSuites\PDF\PDF_diverse\DROIDunknowns\pdf_1_6\DROIDunknowns148974.pdf;V8\;Unknown,;not known,;7
D:\FileSuites\PDF\PDF_diverse\DROIDunknowns\pdf_1_6\DROIDunknowns148974.pdf;V81\;fmt/20,;Acrobat PDF 1.6 - Portable Document Format,;7
D:\FileSuites\PDF\PDF_diverse\DROIDunknowns\pdf_1_6\DROIDunknowns148974.pdf;V82\;fmt/20,;Acrobat PDF 1.6 - Portable Document Format,;7
D:\FileSuites\PDF\PDF_diverse\DROIDunknowns\pdf_1_6\DROIDunknowns148974.pdf;V83\;fmt/20,;Acrobat PDF 1.6 - Portable Document Format,;7
D:\FileSuites\PDF\PDF_diverse\DROIDunknowns\pdf_1_6\DROIDunknowns148974.pdf;V84\;fmt/20,;Acrobat PDF 1.6 - Portable Document Format,;7
D:\FileSuites\PDF\PDF_diverse\DROIDunknowns\pdf_1_6\DROIDunknowns148974.pdf;V85\;fmt/20,;Acrobat PDF 1.6 - Portable Document Format,;7
D:\FileSuites\PDF\PDF_diverse\DROIDunknowns\pdf_1_6\DROIDunknowns148974.pdf;V86\;fmt/20,;Acrobat PDF 1.6 - Portable Document Format,;7
D:\FileSuites\PDF\PDF_diverse\DROIDunknowns\pdf_1_6\DROIDunknowns148974.pdf;V88\;fmt/20,;Acrobat PDF 1.6 - Portable Document Format,;7
D:\FileSuites\PDF\PDF_diverse\DROIDunknowns\pdf_1_6\DROIDunknowns148974.pdf;V9\;Unknown,;not known,;7
D:\FileSuites\PDF\PDF_diverse\DROIDunknowns\pdf_1_6\DROIDunknowns148974.pdf;V90\;fmt/20,;Acrobat PDF 1.6 - Portable Document Format,;7
D:\FileSuites\PDF\PDF_diverse\DROIDunknowns\pdf_1_6\DROIDunknowns148974.pdf;V91\;fmt/20,;Acrobat PDF 1.6 - Portable Document Format,;7
D:\FileSuites\PDF\PDF_diverse\DROIDunknowns\pdf_1_6\DROIDunknowns148974.pdf;V92\;fmt/20,;Acrobat PDF 1.6 - Portable Document Format,;7
D:\FileSuites\PDF\PDF_diverse\DROIDunknowns\pdf_1_6\DROIDunknowns148974.pdf;V93\;fmt/20,;Acrobat PDF 1.6 - Portable Document Format,;7
D:\FileSuites\PDF\PDF_diverse\DROIDunknowns\pdf_1_6\DROIDunknowns243271.pdf;V1\;Unknown,;not known,;7
D:\FileSuites\PDF\PDF_diverse\DROIDunknowns\pdf_1_6\DROIDunknowns243271.pdf;V10\;Unknown,;not known,;7
D:\FileSuites\PDF\PDF_diverse\DROIDunknowns\pdf_1_6\DROIDunknowns243271.pdf;V11\;Unknown,;not known,;7
D:\FileSuites\PDF\PDF_diverse\DROIDunknowns\pdf_1_6\DROIDunknowns243271.pdf;V12\;Unknown,;not known,;7
D:\FileSuites\PDF\PDF_diverse\DROIDunknowns\pdf_1_6\DROIDunknowns243271.pdf;V13\;Unknown,;not known,;7
D:\FileSuites\PDF\PDF_diverse\DROIDunknowns\pdf_1_6\DROIDunknowns243271.pdf;V16\;fmt/20,;Acrobat PDF 1.6 - Portable Document Format,;7
D:\FileSuites\PDF\PDF_diverse\DROIDunknowns\pdf_1_6\DROIDunknowns243271.pdf;V17\;fmt/20,;Acrobat PDF 1.6 - Portable Document Format,;7
D:\FileSuites\PDF\PDF_diverse\DROIDunknowns\pdf_1_6\DROIDunknowns243271.pdf;V18\;fmt/20,;Acrobat PDF 1.6 - Portable Document Format,;7
D:\FileSuites\PDF\PDF_diverse\DROIDunknowns\pdf_1_6\DROIDunknowns243271.pdf;V19\;fmt/20,;Acrobat PDF 1.6 - Portable Document Format,;7
D:\FileSuites\PDF\PDF_diverse\DROIDunknowns\pdf_1_6\DROIDunknowns243271.pdf;V2\;Unknown,;not known,;7
D:\FileSuites\PDF\PDF_diverse\DROIDunknowns\pdf_1_6\DROIDunknowns243271.pdf;V20\;Unknown,;not known,;7
D:\FileSuites\PDF\PDF_diverse\DROIDunknowns\pdf_1_6\DROIDunknowns243271.pdf;V21\;fmt/20,;Acrobat PDF 1.6 - Portable Document Format,;7
D:\FileSuites\PDF\PDF_diverse\DROIDunknowns\pdf_1_6\DROIDunknowns243271.pdf;V22\;fmt/20,;Acrobat PDF 1.6 - Portable Document Format,;7
D:\FileSuites\PDF\PDF_diverse\DROIDunknowns\pdf_1_6\DROIDunknowns243271.pdf;V23\;fmt/20,;Acrobat PDF 1.6 - Portable Document Format,;7
D:\FileSuites\PDF\PDF_diverse\DROIDunknowns\pdf_1_6\DROIDunknowns243271.pdf;V24\;fmt/20,;Acrobat PDF 1.6 - Portable Document Format,;7
D:\FileSuites\PDF\PDF_diverse\DROIDunknowns\pdf_1_6\DROIDunknowns243271.pdf;V25\;fmt/20,;Acrobat PDF 1.6 - Portable Document Format,;7
D:\FileSuites\PDF\PDF_diverse\DROIDunknowns\pdf_1_6\DROIDunknowns243271.pdf;V26\;fmt/20,;Acrobat PDF 1.6 - Portable Document Format,;7
D:\FileSuites\PDF\PDF_diverse\DROIDunknowns\pdf_1_6\DROIDunknowns243271.pdf;V28\;fmt/20,;Acrobat PDF 1.6 - Portable Document Format,;7
D:\FileSuites\PDF\PDF_diverse\DROIDunknowns\pdf_1_6\DROIDunknowns243271.pdf;V29\;fmt/20,;Acrobat PDF 1.6 - Portable Document Format,;7
D:\FileSuites\PDF\PDF_diverse\DROIDunknowns\pdf_1_6\DROIDunknowns243271.pdf;V3\;Unknown,;not known,;7
D:\FileSuites\PDF\PDF_diverse\DROIDunknowns\pdf_1_6\DROIDunknowns243271.pdf;V31\;fmt/20,;Acrobat PDF 1.6 - Portable Document Format,;7
D:\FileSuites\PDF\PDF_diverse\DROIDunknowns\pdf_1_6\DROIDunknowns243271.pdf;V32\;fmt/20,;Acrobat PDF 1.6 - Portable Document Format,;7
D:\FileSuites\PDF\PDF_diverse\DROIDunknowns\pdf_1_6\DROIDunknowns243271.pdf;V33\;fmt/20,;Acrobat PDF 1.6 - Portable Document Format,;7
D:\FileSuites\PDF\PDF_diverse\DROIDunknowns\pdf_1_6\DROIDunknowns243271.pdf;V34\;fmt/20,;Acrobat PDF 1.6 - Portable Document Format,;7
D:\FileSuites\PDF\PDF_diverse\DROIDunknowns\pdf_1_6\DROIDunknowns243271.pdf;V35\;fmt/20,;Acrobat PDF 1.6 - Portable Document Format,;7
D:\FileSuites\PDF\PDF_diverse\DROIDunknowns\pdf_1_6\DROIDunknowns243271.pdf;V36\;fmt/20,;Acrobat PDF 1.6 - Portable Document Format,;7
D:\FileSuites\PDF\PDF_diverse\DROIDunknowns\pdf_1_6\DROIDunknowns243271.pdf;V37\;fmt/20,;Acrobat PDF 1.6 - Portable Document Format,;7
D:\FileSuites\PDF\PDF_diverse\DROIDunknowns\pdf_1_6\DROIDunknowns243271.pdf;V38\;Unknown,;not known,;7
D:\FileSuites\PDF\PDF_diverse\DROIDunknowns\pdf_1_6\DROIDunknowns243271.pdf;V39\;Unknown,;not known,;7
D:\FileSuites\PDF\PDF_diverse\DROIDunknowns\pdf_1_6\DROIDunknowns243271.pdf;V4\;Unknown,;not known,;7
D:\FileSuites\PDF\PDF_diverse\DROIDunknowns\pdf_1_6\DROIDunknowns243271.pdf;V40\;Unknown,;not known,;7
D:\FileSuites\PDF\PDF_diverse\DROIDunknowns\pdf_1_6\DROIDunknowns243271.pdf;V41\;Unknown,;not known,;7
D:\FileSuites\PDF\PDF_diverse\DROIDunknowns\pdf_1_6\DROIDunknowns243271.pdf;V42\;Unknown,;not known,;7
D:\FileSuites\PDF\PDF_diverse\DROIDunknowns\pdf_1_6\DROIDunknowns243271.pdf;V43\;Unknown,;not known,;7
D:\FileSuites\PDF\PDF_diverse\DROIDunknowns\pdf_1_6\DROIDunknowns243271.pdf;V44\;Unknown,;not known,;7
D:\FileSuites\PDF\PDF_diverse\DROIDunknowns\pdf_1_6\DROIDunknowns243271.pdf;V45\;Unknown,;not known,;7
D:\FileSuites\PDF\PDF_diverse\DROIDunknowns\pdf_1_6\DROIDunknowns243271.pdf;V46\;Unknown,;not known,;7
D:\FileSuites\PDF\PDF_diverse\DROIDunknowns\pdf_1_6\DROIDunknowns243271.pdf;V47\;Unknown,;not known,;7
D:\FileSuites\PDF\PDF_diverse\DROIDunknowns\pdf_1_6\DROIDunknowns243271.pdf;V48\;Unknown,;not known,;7
D:\FileSuites\PDF\PDF_diverse\DROIDunknowns\pdf_1_6\DROIDunknowns243271.pdf;V49\;fmt/20,;Acrobat PDF 1.6 - Portable Document Format,;7
D:\FileSuites\PDF\PDF_diverse\DROIDunknowns\pdf_1_6\DROIDunknowns243271.pdf;V5\;Unknown,;not known,;7
D:\FileSuites\PDF\PDF_diverse\DROIDunknowns\pdf_1_6\DROIDunknowns243271.pdf;V50\;fmt/20,;Acrobat PDF 1.6 - Portable Document Format,;7
D:\FileSuites\PDF\PDF_diverse\DROIDunknowns\pdf_1_6\DROIDunknowns243271.pdf;V51\;fmt/20,;Acrobat PDF 1.6 - Portable Document Format,;7
D:\FileSuites\PDF\PDF_diverse\DROIDunknowns\pdf_1_6\DROIDunknowns243271.pdf;V52\;fmt/20,;Acrobat PDF 1.6 - Portable Document Format,;7
D:\FileSuites\PDF\PDF_diverse\DROIDunknowns\pdf_1_6\DROIDunknowns243271.pdf;V55\;fmt/20,;Acrobat PDF 1.6 - Portable Document Format,;7
D:\FileSuites\PDF\PDF_diverse\DROIDunknowns\pdf_1_6\DROIDunknowns243271.pdf;V58\;fmt/20,;Acrobat PDF 1.6 - Portable Document Format,;7
D:\FileSuites\PDF\PDF_diverse\DROIDunknowns\pdf_1_6\DROIDunknowns243271.pdf;V59\;fmt/20,;Acrobat PDF 1.6 - Portable Document Format,;7
D:\FileSuites\PDF\PDF_diverse\DROIDunknowns\pdf_1_6\DROIDunknowns243271.pdf;V6\;Unknown,;not known,;7
D:\FileSuites\PDF\PDF_diverse\DROIDunknowns\pdf_1_6\DROIDunknowns243271.pdf;V60\;fmt/20,;Acrobat PDF 1.6 - Portable Document Format,;7
D:\FileSuites\PDF\PDF_diverse\DROIDunknowns\pdf_1_6\DROIDunknowns243271.pdf;V61\;fmt/20,;Acrobat PDF 1.6 - Portable Document Format,;7
D:\FileSuites\PDF\PDF_diverse\DROIDunknowns\pdf_1_6\DROIDunknowns243271.pdf;V62\;fmt/20,;Acrobat PDF 1.6 - Portable Document Format,;7
D:\FileSuites\PDF\PDF_diverse\DROIDunknowns\pdf_1_6\DROIDunknowns243271.pdf;V63\;fmt/20,;Acrobat PDF 1.6 - Portable Document Format,;7
D:\FileSuites\PDF\PDF_diverse\DROIDunknowns\pdf_1_6\DROIDunknowns243271.pdf;V65\;fmt/20,;Acrobat PDF 1.6 - Portable Document Format,;7
D:\FileSuites\PDF\PDF_diverse\DROIDunknowns\pdf_1_6\DROIDunknowns243271.pdf;V66\;fmt/20,;Acrobat PDF 1.6 - Portable Document Format,;7
D:\FileSuites\PDF\PDF_diverse\DROIDunknowns\pdf_1_6\DROIDunknowns243271.pdf;V67\;fmt/20,;Acrobat PDF 1.6 - Portable Document Format,;7
D:\FileSuites\PDF\PDF_diverse\DROIDunknowns\pdf_1_6\DROIDunknowns243271.pdf;V68\;fmt/20,;Acrobat PDF 1.6 - Portable Document Format,;7
D:\FileSuites\PDF\PDF_diverse\DROIDunknowns\pdf_1_6\DROIDunknowns243271.pdf;V69\;fmt/20,;Acrobat PDF 1.6 - Portable Document Format,;7
D:\FileSuites\PDF\PDF_diverse\DROIDunknowns\pdf_1_6\DROIDunknowns243271.pdf;V7\;Unknown,;not known,;7
D:\FileSuites\PDF\PDF_diverse\DROIDunknowns\pdf_1_6\DROIDunknowns243271.pdf;V70\;fmt/20,;Acrobat PDF 1.6 - Portable Document Format,;7
D:\FileSuites\PDF\PDF_diverse\DROIDunknowns\pdf_1_6\DROIDunknowns243271.pdf;V72\;fmt/20,;Acrobat PDF 1.6 - Portable Document Format,;7
D:\FileSuites\PDF\PDF_diverse\DROIDunknowns\pdf_1_6\DROIDunknowns243271.pdf;V73\;fmt/20,;Acrobat PDF 1.6 - Portable Document Format,;7
D:\FileSuites\PDF\PDF_diverse\DROIDunknowns\pdf_1_6\DROIDunknowns243271.pdf;V74\;fmt/20,;Acrobat PDF 1.6 - Portable Document Format,;7
D:\FileSuites\PDF\PDF_diverse\DROIDunknowns\pdf_1_6\DROIDunknowns243271.pdf;V75\;fmt/20,;Acrobat PDF 1.6 - Portable Document Format,;7
D:\FileSuites\PDF\PDF_diverse\DROIDunknowns\pdf_1_6\DROIDunknowns243271.pdf;V77\;fmt/20,;Acrobat PDF 1.6 - Portable Document Format,;7
D:\FileSuites\PDF\PDF_diverse\DROIDunknowns\pdf_1_6\DROIDunknowns243271.pdf;V78\;fmt/20,;Acrobat PDF 1.6 - Portable Document Format,;7
D:\FileSuites\PDF\PDF_diverse\DROIDunknowns\pdf_1_6\DROIDunknowns243271.pdf;V79\;fmt/20,;Acrobat PDF 1.6 - Portable Document Format,;7
D:\FileSuites\PDF\PDF_diverse\DROIDunknowns\pdf_1_6\DROIDunknowns243271.pdf;V8\;Unknown,;not known,;7
D:\FileSuites\PDF\PDF_diverse\DROIDunknowns\pdf_1_6\DROIDunknowns243271.pdf;V81\;fmt/20,;Acrobat PDF 1.6 - Portable Document Format,;7
D:\FileSuites\PDF\PDF_diverse\DROIDunknowns\pdf_1_6\DROIDunknowns243271.pdf;V82\;fmt/20,;Acrobat PDF 1.6 - Portable Document Format,;7
D:\FileSuites\PDF\PDF_diverse\DROIDunknowns\pdf_1_6\DROIDunknowns243271.pdf;V83\;fmt/20,;Acrobat PDF 1.6 - Portable Document Format,;7
D:\FileSuites\PDF\PDF_diverse\DROIDunknowns\pdf_1_6\DROIDunknowns243271.pdf;V84\;fmt/20,;Acrobat PDF 1.6 - Portable Document Format,;7
D:\FileSuites\PDF\PDF_diverse\DROIDunknowns\pdf_1_6\DROIDunknowns243271.pdf;V85\;fmt/20,;Acrobat PDF 1.6 - Portable Document Format,;7
D:\FileSuites\PDF\PDF_diverse\DROIDunknowns\pdf_1_6\DROIDunknowns243271.pdf;V86\;fmt/20,;Acrobat PDF 1.6 - Portable Document Format,;7
D:\FileSuites\PDF\PDF_diverse\DROIDunknowns\pdf_1_6\DROIDunknowns243271.pdf;V88\;fmt/20,;Acrobat PDF 1.6 - Portable Document Format,;7
D:\FileSuites\PDF\PDF_diverse\DROIDunknowns\pdf_1_6\DROIDunknowns243271.pdf;V9\;Unknown,;not known,;7
D:\FileSuites\PDF\PDF_diverse\DROIDunknowns\pdf_1_6\DROIDunknowns243271.pdf;V90\;fmt/20,;Acrobat PDF 1.6 - Portable Document Format,;7
D:\FileSuites\PDF\PDF_diverse\DROIDunknowns\pdf_1_6\DROIDunknowns243271.pdf;V91\;fmt/20,;Acrobat PDF 1.6 - Portable Document Format,;7
D:\FileSuites\PDF\PDF_diverse\DROIDunknowns\pdf_1_6\DROIDunknowns243271.pdf;V92\;fmt/20,;Acrobat PDF 1.6 - Portable Document Format,;7
D:\FileSuites\PDF\PDF_diverse\DROIDunknowns\pdf_1_6\DROIDunknowns243271.pdf;V93\;fmt/20,;Acrobat PDF 1.6 - Portable Document Format,;7
D:\FileSuites\PDF\PDF_diverse\DROIDunknowns\pdf_1_6\DROIDunknowns351266.pdf;V1\;Unknown,;not known,;7
D:\FileSuites\PDF\PDF_diverse\DROIDunknowns\pdf_1_6\DROIDunknowns351266.pdf;V10\;Unknown,;not known,;7
D:\FileSuites\PDF\PDF_diverse\DROIDunknowns\pdf_1_6\DROIDunknowns351266.pdf;V11\;Unknown,;not known,;7
D:\FileSuites\PDF\PDF_diverse\DROIDunknowns\pdf_1_6\DROIDunknowns351266.pdf;V12\;Unknown,;not known,;7
D:\FileSuites\PDF\PDF_diverse\DROIDunknowns\pdf_1_6\DROIDunknowns351266.pdf;V13\;Unknown,;not known,;7
D:\FileSuites\PDF\PDF_diverse\DROIDunknowns\pdf_1_6\DROIDunknowns351266.pdf;V16\;fmt/20,;Acrobat PDF 1.6 - Portable Document Format,;7
D:\FileSuites\PDF\PDF_diverse\DROIDunknowns\pdf_1_6\DROIDunknowns351266.pdf;V17\;fmt/20,;Acrobat PDF 1.6 - Portable Document Format,;7
D:\FileSuites\PDF\PDF_diverse\DROIDunknowns\pdf_1_6\DROIDunknowns351266.pdf;V18\;fmt/20,;Acrobat PDF 1.6 - Portable Document Format,;7
D:\FileSuites\PDF\PDF_diverse\DROIDunknowns\pdf_1_6\DROIDunknowns351266.pdf;V19\;fmt/20,;Acrobat PDF 1.6 - Portable Document Format,;7
D:\FileSuites\PDF\PDF_diverse\DROIDunknowns\pdf_1_6\DROIDunknowns351266.pdf;V2\;Unknown,;not known,;7
D:\FileSuites\PDF\PDF_diverse\DROIDunknowns\pdf_1_6\DROIDunknowns351266.pdf;V20\;Unknown,;not known,;7
D:\FileSuites\PDF\PDF_diverse\DROIDunknowns\pdf_1_6\DROIDunknowns351266.pdf;V21\;fmt/20,;Acrobat PDF 1.6 - Portable Document Format,;7
D:\FileSuites\PDF\PDF_diverse\DROIDunknowns\pdf_1_6\DROIDunknowns351266.pdf;V22\;fmt/20,;Acrobat PDF 1.6 - Portable Document Format,;7
D:\FileSuites\PDF\PDF_diverse\DROIDunknowns\pdf_1_6\DROIDunknowns351266.pdf;V23\;fmt/20,;Acrobat PDF 1.6 - Portable Document Format,;7
D:\FileSuites\PDF\PDF_diverse\DROIDunknowns\pdf_1_6\DROIDunknowns351266.pdf;V24\;fmt/20,;Acrobat PDF 1.6 - Portable Document Format,;7
D:\FileSuites\PDF\PDF_diverse\DROIDunknowns\pdf_1_6\DROIDunknowns351266.pdf;V25\;fmt/20,;Acrobat PDF 1.6 - Portable Document Format,;7
D:\FileSuites\PDF\PDF_diverse\DROIDunknowns\pdf_1_6\DROIDunknowns351266.pdf;V26\;fmt/20,;Acrobat PDF 1.6 - Portable Document Format,;7
D:\FileSuites\PDF\PDF_diverse\DROIDunknowns\pdf_1_6\DROIDunknowns351266.pdf;V28\;fmt/20,;Acrobat PDF 1.6 - Portable Document Format,;7
D:\FileSuites\PDF\PDF_diverse\DROIDunknowns\pdf_1_6\DROIDunknowns351266.pdf;V29\;fmt/20,;Acrobat PDF 1.6 - Portable Document Format,;7
D:\FileSuites\PDF\PDF_diverse\DROIDunknowns\pdf_1_6\DROIDunknowns351266.pdf;V3\;Unknown,;not known,;7
D:\FileSuites\PDF\PDF_diverse\DROIDunknowns\pdf_1_6\DROIDunknowns351266.pdf;V31\;fmt/20,;Acrobat PDF 1.6 - Portable Document Format,;7
D:\FileSuites\PDF\PDF_diverse\DROIDunknowns\pdf_1_6\DROIDunknowns351266.pdf;V32\;fmt/20,;Acrobat PDF 1.6 - Portable Document Format,;7
D:\FileSuites\PDF\PDF_diverse\DROIDunknowns\pdf_1_6\DROIDunknowns351266.pdf;V33\;fmt/20,;Acrobat PDF 1.6 - Portable Document Format,;7
D:\FileSuites\PDF\PDF_diverse\DROIDunknowns\pdf_1_6\DROIDunknowns351266.pdf;V34\;fmt/20,;Acrobat PDF 1.6 - Portable Document Format,;7
D:\FileSuites\PDF\PDF_diverse\DROIDunknowns\pdf_1_6\DROIDunknowns351266.pdf;V35\;fmt/20,;Acrobat PDF 1.6 - Portable Document Format,;7
D:\FileSuites\PDF\PDF_diverse\DROIDunknowns\pdf_1_6\DROIDunknowns351266.pdf;V36\;fmt/20,;Acrobat PDF 1.6 - Portable Document Format,;7
D:\FileSuites\PDF\PDF_diverse\DROIDunknowns\pdf_1_6\DROIDunknowns351266.pdf;V37\;fmt/20,;Acrobat PDF 1.6 - Portable Document Format,;7
D:\FileSuites\PDF\PDF_diverse\DROIDunknowns\pdf_1_6\DROIDunknowns351266.pdf;V38\;Unknown,;not known,;7
D:\FileSuites\PDF\PDF_diverse\DROIDunknowns\pdf_1_6\DROIDunknowns351266.pdf;V39\;Unknown,;not known,;7
D:\FileSuites\PDF\PDF_diverse\DROIDunknowns\pdf_1_6\DROIDunknowns351266.pdf;V4\;Unknown,;not known,;7
D:\FileSuites\PDF\PDF_diverse\DROIDunknowns\pdf_1_6\DROIDunknowns351266.pdf;V40\;Unknown,;not known,;7
D:\FileSuites\PDF\PDF_diverse\DROIDunknowns\pdf_1_6\DROIDunknowns351266.pdf;V41\;Unknown,;not known,;7
D:\FileSuites\PDF\PDF_diverse\DROIDunknowns\pdf_1_6\DROIDunknowns351266.pdf;V42\;Unknown,;not known,;7
D:\FileSuites\PDF\PDF_diverse\DROIDunknowns\pdf_1_6\DROIDunknowns351266.pdf;V43\;Unknown,;not known,;7
D:\FileSuites\PDF\PDF_diverse\DROIDunknowns\pdf_1_6\DROIDunknowns351266.pdf;V44\;Unknown,;not known,;7
D:\FileSuites\PDF\PDF_diverse\DROIDunknowns\pdf_1_6\DROIDunknowns351266.pdf;V45\;Unknown,;not known,;7
D:\FileSuites\PDF\PDF_diverse\DROIDunknowns\pdf_1_6\DROIDunknowns351266.pdf;V46\;Unknown,;not known,;7
D:\FileSuites\PDF\PDF_diverse\DROIDunknowns\pdf_1_6\DROIDunknowns351266.pdf;V47\;Unknown,;not known,;7
D:\FileSuites\PDF\PDF_diverse\DROIDunknowns\pdf_1_6\DROIDunknowns351266.pdf;V48\;Unknown,;not known,;7
D:\FileSuites\PDF\PDF_diverse\DROIDunknowns\pdf_1_6\DROIDunknowns351266.pdf;V49\;fmt/20,;Acrobat PDF 1.6 - Portable Document Format,;7
D:\FileSuites\PDF\PDF_diverse\DROIDunknowns\pdf_1_6\DROIDunknowns351266.pdf;V5\;Unknown,;not known,;7
D:\FileSuites\PDF\PDF_diverse\DROIDunknowns\pdf_1_6\DROIDunknowns351266.pdf;V50\;fmt/20,;Acrobat PDF 1.6 - Portable Document Format,;7
D:\FileSuites\PDF\PDF_diverse\DROIDunknowns\pdf_1_6\DROIDunknowns351266.pdf;V51\;fmt/20,;Acrobat PDF 1.6 - Portable Document Format,;7
D:\FileSuites\PDF\PDF_diverse\DROIDunknowns\pdf_1_6\DROIDunknowns351266.pdf;V52\;fmt/20,;Acrobat PDF 1.6 - Portable Document Format,;7
D:\FileSuites\PDF\PDF_diverse\DROIDunknowns\pdf_1_6\DROIDunknowns351266.pdf;V55\;fmt/20,;Acrobat PDF 1.6 - Portable Document Format,;7
D:\FileSuites\PDF\PDF_diverse\DROIDunknowns\pdf_1_6\DROIDunknowns351266.pdf;V58\;Unknown,;not known,;7
D:\FileSuites\PDF\PDF_diverse\DROIDunknowns\pdf_1_6\DROIDunknowns351266.pdf;V59\;Unknown,;not known,;7
D:\FileSuites\PDF\PDF_diverse\DROIDunknowns\pdf_1_6\DROIDunknowns351266.pdf;V6\;Unknown,;not known,;7
D:\FileSuites\PDF\PDF_diverse\DROIDunknowns\pdf_1_6\DROIDunknowns351266.pdf;V60\;fmt/20,;Acrobat PDF 1.6 - Portable Document Format,;7
D:\FileSuites\PDF\PDF_diverse\DROIDunknowns\pdf_1_6\DROIDunknowns351266.pdf;V61\;fmt/20,;Acrobat PDF 1.6 - Portable Document Format,;7
D:\FileSuites\PDF\PDF_diverse\DROIDunknowns\pdf_1_6\DROIDunknowns351266.pdf;V62\;fmt/20,;Acrobat PDF 1.6 - Portable Document Format,;7
D:\FileSuites\PDF\PDF_diverse\DROIDunknowns\pdf_1_6\DROIDunknowns351266.pdf;V63\;fmt/20,;Acrobat PDF 1.6 - Portable Document Format,;7
D:\FileSuites\PDF\PDF_diverse\DROIDunknowns\pdf_1_6\DROIDunknowns351266.pdf;V65\;fmt/20,;Acrobat PDF 1.6 - Portable Document Format,;7
D:\FileSuites\PDF\PDF_diverse\DROIDunknowns\pdf_1_6\DROIDunknowns351266.pdf;V66\;fmt/20,;Acrobat PDF 1.6 - Portable Document Format,;7
D:\FileSuites\PDF\PDF_diverse\DROIDunknowns\pdf_1_6\DROIDunknowns351266.pdf;V67\;fmt/20,;Acrobat PDF 1.6 - Portable Document Format,;7
D:\FileSuites\PDF\PDF_diverse\DROIDunknowns\pdf_1_6\DROIDunknowns351266.pdf;V68\;fmt/20,;Acrobat PDF 1.6 - Portable Document Format,;7
D:\FileSuites\PDF\PDF_diverse\DROIDunknowns\pdf_1_6\DROIDunknowns351266.pdf;V69\;fmt/20,;Acrobat PDF 1.6 - Portable Document Format,;7
D:\FileSuites\PDF\PDF_diverse\DROIDunknowns\pdf_1_6\DROIDunknowns351266.pdf;V7\;Unknown,;not known,;7
D:\FileSuites\PDF\PDF_diverse\DROIDunknowns\pdf_1_6\DROIDunknowns351266.pdf;V70\;fmt/20,;Acrobat PDF 1.6 - Portable Document Format,;7
D:\FileSuites\PDF\PDF_diverse\DROIDunknowns\pdf_1_6\DROIDunknowns351266.pdf;V72\;fmt/20,;Acrobat PDF 1.6 - Portable Document Format,;7
D:\FileSuites\PDF\PDF_diverse\DROIDunknowns\pdf_1_6\DROIDunknowns351266.pdf;V73\;fmt/20,;Acrobat PDF 1.6 - Portable Document Format,;7
D:\FileSuites\PDF\PDF_diverse\DROIDunknowns\pdf_1_6\DROIDunknowns351266.pdf;V74\;fmt/20,;Acrobat PDF 1.6 - Portable Document Format,;7
D:\FileSuites\PDF\PDF_diverse\DROIDunknowns\pdf_1_6\DROIDunknowns351266.pdf;V75\;fmt/20,;Acrobat PDF 1.6 - Portable Document Format,;7
D:\FileSuites\PDF\PDF_diverse\DROIDunknowns\pdf_1_6\DROIDunknowns351266.pdf;V77\;fmt/20,;Acrobat PDF 1.6 - Portable Document Format,;7
D:\FileSuites\PDF\PDF_diverse\DROIDunknowns\pdf_1_6\DROIDunknowns351266.pdf;V78\;fmt/20,;Acrobat PDF 1.6 - Portable Document Format,;7
D:\FileSuites\PDF\PDF_diverse\DROIDunknowns\pdf_1_6\DROIDunknowns351266.pdf;V79\;fmt/20,;Acrobat PDF 1.6 - Portable Document Format,;7
D:\FileSuites\PDF\PDF_diverse\DROIDunknowns\pdf_1_6\DROIDunknowns351266.pdf;V8\;Unknown,;not known,;7
D:\FileSuites\PDF\PDF_diverse\DROIDunknowns\pdf_1_6\DROIDunknowns351266.pdf;V81\;fmt/20,;Acrobat PDF 1.6 - Portable Document Format,;7
D:\FileSuites\PDF\PDF_diverse\DROIDunknowns\pdf_1_6\DROIDunknowns351266.pdf;V82\;fmt/20,;Acrobat PDF 1.6 - Portable Document Format,;7
D:\FileSuites\PDF\PDF_diverse\DROIDunknowns\pdf_1_6\DROIDunknowns351266.pdf;V83\;fmt/20,;Acrobat PDF 1.6 - Portable Document Format,;7
D:\FileSuites\PDF\PDF_diverse\DROIDunknowns\pdf_1_6\DROIDunknowns351266.pdf;V84\;fmt/20,;Acrobat PDF 1.6 - Portable Document Format,;7
D:\FileSuites\PDF\PDF_diverse\DROIDunknowns\pdf_1_6\DROIDunknowns351266.pdf;V85\;fmt/20,;Acrobat PDF 1.6 - Portable Document Format,;7
D:\FileSuites\PDF\PDF_diverse\DROIDunknowns\pdf_1_6\DROIDunknowns351266.pdf;V86\;fmt/20,;Acrobat PDF 1.6 - Portable Document Format,;7
D:\FileSuites\PDF\PDF_diverse\DROIDunknowns\pdf_1_6\DROIDunknowns351266.pdf;V88\;fmt/20,;Acrobat PDF 1.6 - Portable Document Format,;7
D:\FileSuites\PDF\PDF_diverse\DROIDunknowns\pdf_1_6\DROIDunknowns351266.pdf;V9\;Unknown,;not known,;7
D:\FileSuites\PDF\PDF_diverse\DROIDunknowns\pdf_1_6\DROIDunknowns351266.pdf;V90\;fmt/20,;Acrobat PDF 1.6 - Portable Document Format,;7
D:\FileSuites\PDF\PDF_diverse\DROIDunknowns\pdf_1_6\DROIDunknowns351266.pdf;V91\;fmt/20,;Acrobat PDF 1.6 - Portable Document Format,;7
D:\FileSuites\PDF\PDF_diverse\DROIDunknowns\pdf_1_6\DROIDunknowns351266.pdf;V92\;fmt/20,;Acrobat PDF 1.6 - Portable Document Format,;7
D:\FileSuites\PDF\PDF_diverse\DROIDunknowns\pdf_1_6\DROIDunknowns351266.pdf;V93\;fmt/20,;Acrobat PDF 1.6 - Portable Document Format,;7
D:\FileSuites\PDF\PDF_diverse\DROIDunknowns\pdf_1_6\DROIDunknowns406165.pdf;V1\;Unknown,;not known,;7
D:\FileSuites\PDF\PDF_diverse\DROIDunknowns\pdf_1_6\DROIDunknowns406165.pdf;V10\;Unknown,;not known,;7
D:\FileSuites\PDF\PDF_diverse\DROIDunknowns\pdf_1_6\DROIDunknowns406165.pdf;V11\;Unknown,;not known,;7
D:\FileSuites\PDF\PDF_diverse\DROIDunknowns\pdf_1_6\DROIDunknowns406165.pdf;V12\;Unknown,;not known,;7
D:\FileSuites\PDF\PDF_diverse\DROIDunknowns\pdf_1_6\DROIDunknowns406165.pdf;V13\;Unknown,;not known,;7
D:\FileSuites\PDF\PDF_diverse\DROIDunknowns\pdf_1_6\DROIDunknowns406165.pdf;V16\;fmt/20,;Acrobat PDF 1.6 - Portable Document Format,;7
D:\FileSuites\PDF\PDF_diverse\DROIDunknowns\pdf_1_6\DROIDunknowns406165.pdf;V17\;fmt/20,;Acrobat PDF 1.6 - Portable Document Format,;7
D:\FileSuites\PDF\PDF_diverse\DROIDunknowns\pdf_1_6\DROIDunknowns406165.pdf;V18\;fmt/20,;Acrobat PDF 1.6 - Portable Document Format,;7
D:\FileSuites\PDF\PDF_diverse\DROIDunknowns\pdf_1_6\DROIDunknowns406165.pdf;V19\;fmt/20,;Acrobat PDF 1.6 - Portable Document Format,;7
D:\FileSuites\PDF\PDF_diverse\DROIDunknowns\pdf_1_6\DROIDunknowns406165.pdf;V2\;Unknown,;not known,;7
D:\FileSuites\PDF\PDF_diverse\DROIDunknowns\pdf_1_6\DROIDunknowns406165.pdf;V20\;Unknown,;not known,;7
D:\FileSuites\PDF\PDF_diverse\DROIDunknowns\pdf_1_6\DROIDunknowns406165.pdf;V21\;fmt/20,;Acrobat PDF 1.6 - Portable Document Format,;7
D:\FileSuites\PDF\PDF_diverse\DROIDunknowns\pdf_1_6\DROIDunknowns406165.pdf;V22\;fmt/20,;Acrobat PDF 1.6 - Portable Document Format,;7
D:\FileSuites\PDF\PDF_diverse\DROIDunknowns\pdf_1_6\DROIDunknowns406165.pdf;V23\;fmt/20,;Acrobat PDF 1.6 - Portable Document Format,;7
D:\FileSuites\PDF\PDF_diverse\DROIDunknowns\pdf_1_6\DROIDunknowns406165.pdf;V24\;fmt/20,;Acrobat PDF 1.6 - Portable Document Format,;7
D:\FileSuites\PDF\PDF_diverse\DROIDunknowns\pdf_1_6\DROIDunknowns406165.pdf;V25\;fmt/20,;Acrobat PDF 1.6 - Portable Document Format,;7
D:\FileSuites\PDF\PDF_diverse\DROIDunknowns\pdf_1_6\DROIDunknowns406165.pdf;V26\;fmt/20,;Acrobat PDF 1.6 - Portable Document Format,;7
D:\FileSuites\PDF\PDF_diverse\DROIDunknowns\pdf_1_6\DROIDunknowns406165.pdf;V28\;fmt/20,;Acrobat PDF 1.6 - Portable Document Format,;7
D:\FileSuites\PDF\PDF_diverse\DROIDunknowns\pdf_1_6\DROIDunknowns406165.pdf;V29\;fmt/20,;Acrobat PDF 1.6 - Portable Document Format,;7
D:\FileSuites\PDF\PDF_diverse\DROIDunknowns\pdf_1_6\DROIDunknowns406165.pdf;V3\;Unknown,;not known,;7
D:\FileSuites\PDF\PDF_diverse\DROIDunknowns\pdf_1_6\DROIDunknowns406165.pdf;V31\;fmt/20,;Acrobat PDF 1.6 - Portable Document Format,;7
D:\FileSuites\PDF\PDF_diverse\DROIDunknowns\pdf_1_6\DROIDunknowns406165.pdf;V32\;fmt/20,;Acrobat PDF 1.6 - Portable Document Format,;7
D:\FileSuites\PDF\PDF_diverse\DROIDunknowns\pdf_1_6\DROIDunknowns406165.pdf;V33\;fmt/20,;Acrobat PDF 1.6 - Portable Document Format,;7
D:\FileSuites\PDF\PDF_diverse\DROIDunknowns\pdf_1_6\DROIDunknowns406165.pdf;V34\;fmt/20,;Acrobat PDF 1.6 - Portable Document Format,;7
D:\FileSuites\PDF\PDF_diverse\DROIDunknowns\pdf_1_6\DROIDunknowns406165.pdf;V35\;fmt/20,;Acrobat PDF 1.6 - Portable Document Format,;7
D:\FileSuites\PDF\PDF_diverse\DROIDunknowns\pdf_1_6\DROIDunknowns406165.pdf;V36\;fmt/20,;Acrobat PDF 1.6 - Portable Document Format,;7
D:\FileSuites\PDF\PDF_diverse\DROIDunknowns\pdf_1_6\DROIDunknowns406165.pdf;V37\;fmt/20,;Acrobat PDF 1.6 - Portable Document Format,;7
D:\FileSuites\PDF\PDF_diverse\DROIDunknowns\pdf_1_6\DROIDunknowns406165.pdf;V38\;Unknown,;not known,;7
D:\FileSuites\PDF\PDF_diverse\DROIDunknowns\pdf_1_6\DROIDunknowns406165.pdf;V39\;Unknown,;not known,;7
D:\FileSuites\PDF\PDF_diverse\DROIDunknowns\pdf_1_6\DROIDunknowns406165.pdf;V4\;Unknown,;not known,;7
D:\FileSuites\PDF\PDF_diverse\DROIDunknowns\pdf_1_6\DROIDunknowns406165.pdf;V40\;Unknown,;not known,;7
D:\FileSuites\PDF\PDF_diverse\DROIDunknowns\pdf_1_6\DROIDunknowns406165.pdf;V41\;Unknown,;not known,;7
D:\FileSuites\PDF\PDF_diverse\DROIDunknowns\pdf_1_6\DROIDunknowns406165.pdf;V42\;Unknown,;not known,;7
D:\FileSuites\PDF\PDF_diverse\DROIDunknowns\pdf_1_6\DROIDunknowns406165.pdf;V43\;Unknown,;not known,;7
D:\FileSuites\PDF\PDF_diverse\DROIDunknowns\pdf_1_6\DROIDunknowns406165.pdf;V44\;Unknown,;not known,;7
D:\FileSuites\PDF\PDF_diverse\DROIDunknowns\pdf_1_6\DROIDunknowns406165.pdf;V45\;Unknown,;not known,;7
D:\FileSuites\PDF\PDF_diverse\DROIDunknowns\pdf_1_6\DROIDunknowns406165.pdf;V46\;Unknown,;not known,;7
D:\FileSuites\PDF\PDF_diverse\DROIDunknowns\pdf_1_6\DROIDunknowns406165.pdf;V47\;Unknown,;not known,;7
D:\FileSuites\PDF\PDF_diverse\DROIDunknowns\pdf_1_6\DROIDunknowns406165.pdf;V48\;Unknown,;not known,;7
D:\FileSuites\PDF\PDF_diverse\DROIDunknowns\pdf_1_6\DROIDunknowns406165.pdf;V49\;fmt/20,;Acrobat PDF 1.6 - Portable Document Format,;7
D:\FileSuites\PDF\PDF_diverse\DROIDunknowns\pdf_1_6\DROIDunknowns406165.pdf;V5\;Unknown,;not known,;7
D:\FileSuites\PDF\PDF_diverse\DROIDunknowns\pdf_1_6\DROIDunknowns406165.pdf;V50\;fmt/20,;Acrobat PDF 1.6 - Portable Document Format,;7
D:\FileSuites\PDF\PDF_diverse\DROIDunknowns\pdf_1_6\DROIDunknowns406165.pdf;V51\;fmt/20,;Acrobat PDF 1.6 - Portable Document Format,;7
D:\FileSuites\PDF\PDF_diverse\DROIDunknowns\pdf_1_6\DROIDunknowns406165.pdf;V52\;fmt/20,;Acrobat PDF 1.6 - Portable Document Format,;7
D:\FileSuites\PDF\PDF_diverse\DROIDunknowns\pdf_1_6\DROIDunknowns406165.pdf;V55\;fmt/20,;Acrobat PDF 1.6 - Portable Document Format,;7
D:\FileSuites\PDF\PDF_diverse\DROIDunknowns\pdf_1_6\DROIDunknowns406165.pdf;V58\;fmt/20,;Acrobat PDF 1.6 - Portable Document Format,;7
D:\FileSuites\PDF\PDF_diverse\DROIDunknowns\pdf_1_6\DROIDunknowns406165.pdf;V59\;fmt/20,;Acrobat PDF 1.6 - Portable Document Format,;7
D:\FileSuites\PDF\PDF_diverse\DROIDunknowns\pdf_1_6\DROIDunknowns406165.pdf;V6\;Unknown,;not known,;7
D:\FileSuites\PDF\PDF_diverse\DROIDunknowns\pdf_1_6\DROIDunknowns406165.pdf;V60\;fmt/20,;Acrobat PDF 1.6 - Portable Document Format,;7
D:\FileSuites\PDF\PDF_diverse\DROIDunknowns\pdf_1_6\DROIDunknowns406165.pdf;V61\;fmt/20,;Acrobat PDF 1.6 - Portable Document Format,;7
D:\FileSuites\PDF\PDF_diverse\DROIDunknowns\pdf_1_6\DROIDunknowns406165.pdf;V62\;fmt/20,;Acrobat PDF 1.6 - Portable Document Format,;7
D:\FileSuites\PDF\PDF_diverse\DROIDunknowns\pdf_1_6\DROIDunknowns406165.pdf;V63\;fmt/20,;Acrobat PDF 1.6 - Portable Document Format,;7
D:\FileSuites\PDF\PDF_diverse\DROIDunknowns\pdf_1_6\DROIDunknowns406165.pdf;V65\;fmt/20,;Acrobat PDF 1.6 - Portable Document Format,;7
D:\FileSuites\PDF\PDF_diverse\DROIDunknowns\pdf_1_6\DROIDunknowns406165.pdf;V66\;fmt/20,;Acrobat PDF 1.6 - Portable Document Format,;7
D:\FileSuites\PDF\PDF_diverse\DROIDunknowns\pdf_1_6\DROIDunknowns406165.pdf;V67\;fmt/20,;Acrobat PDF 1.6 - Portable Document Format,;7
D:\FileSuites\PDF\PDF_diverse\DROIDunknowns\pdf_1_6\DROIDunknowns406165.pdf;V68\;fmt/20,;Acrobat PDF 1.6 - Portable Document Format,;7
D:\FileSuites\PDF\PDF_diverse\DROIDunknowns\pdf_1_6\DROIDunknowns406165.pdf;V69\;fmt/20,;Acrobat PDF 1.6 - Portable Document Format,;7
D:\FileSuites\PDF\PDF_diverse\DROIDunknowns\pdf_1_6\DROIDunknowns406165.pdf;V7\;Unknown,;not known,;7
D:\FileSuites\PDF\PDF_diverse\DROIDunknowns\pdf_1_6\DROIDunknowns406165.pdf;V70\;fmt/20,;Acrobat PDF 1.6 - Portable Document Format,;7
D:\FileSuites\PDF\PDF_diverse\DROIDunknowns\pdf_1_6\DROIDunknowns406165.pdf;V72\;fmt/20,;Acrobat PDF 1.6 - Portable Document Format,;7
D:\FileSuites\PDF\PDF_diverse\DROIDunknowns\pdf_1_6\DROIDunknowns406165.pdf;V73\;fmt/20,;Acrobat PDF 1.6 - Portable Document Format,;7
D:\FileSuites\PDF\PDF_diverse\DROIDunknowns\pdf_1_6\DROIDunknowns406165.pdf;V74\;fmt/20,;Acrobat PDF 1.6 - Portable Document Format,;7
D:\FileSuites\PDF\PDF_diverse\DROIDunknowns\pdf_1_6\DROIDunknowns406165.pdf;V75\;fmt/20,;Acrobat PDF 1.6 - Portable Document Format,;7
D:\FileSuites\PDF\PDF_diverse\DROIDunknowns\pdf_1_6\DROIDunknowns406165.pdf;V77\;fmt/20,;Acrobat PDF 1.6 - Portable Document Format,;7
D:\FileSuites\PDF\PDF_diverse\DROIDunknowns\pdf_1_6\DROIDunknowns406165.pdf;V78\;fmt/20,;Acrobat PDF 1.6 - Portable Document Format,;7
D:\FileSuites\PDF\PDF_diverse\DROIDunknowns\pdf_1_6\DROIDunknowns406165.pdf;V79\;fmt/20,;Acrobat PDF 1.6 - Portable Document Format,;7
D:\FileSuites\PDF\PDF_diverse\DROIDunknowns\pdf_1_6\DROIDunknowns406165.pdf;V8\;Unknown,;not known,;7
D:\FileSuites\PDF\PDF_diverse\DROIDunknowns\pdf_1_6\DROIDunknowns406165.pdf;V81\;fmt/20,;Acrobat PDF 1.6 - Portable Document Format,;7
D:\FileSuites\PDF\PDF_diverse\DROIDunknowns\pdf_1_6\DROIDunknowns406165.pdf;V82\;fmt/20,;Acrobat PDF 1.6 - Portable Document Format,;7
D:\FileSuites\PDF\PDF_diverse\DROIDunknowns\pdf_1_6\DROIDunknowns406165.pdf;V83\;fmt/20,;Acrobat PDF 1.6 - Portable Document Format,;7
D:\FileSuites\PDF\PDF_diverse\DROIDunknowns\pdf_1_6\DROIDunknowns406165.pdf;V84\;fmt/20,;Acrobat PDF 1.6 - Portable Document Format,;7
D:\FileSuites\PDF\PDF_diverse\DROIDunknowns\pdf_1_6\DROIDunknowns406165.pdf;V85\;fmt/20,;Acrobat PDF 1.6 - Portable Document Format,;7
D:\FileSuites\PDF\PDF_diverse\DROIDunknowns\pdf_1_6\DROIDunknowns406165.pdf;V86\;fmt/20,;Acrobat PDF 1.6 - Portable Document Format,;7
D:\FileSuites\PDF\PDF_diverse\DROIDunknowns\pdf_1_6\DROIDunknowns406165.pdf;V88\;fmt/20,;Acrobat PDF 1.6 - Portable Document Format,;7
D:\FileSuites\PDF\PDF_diverse\DROIDunknowns\pdf_1_6\DROIDunknowns406165.pdf;V9\;Unknown,;not known,;7
D:\FileSuites\PDF\PDF_diverse\DROIDunknowns\pdf_1_6\DROIDunknowns406165.pdf;V90\;fmt/20,;Acrobat PDF 1.6 - Portable Document Format,;7
D:\FileSuites\PDF\PDF_diverse\DROIDunknowns\pdf_1_6\DROIDunknowns406165.pdf;V91\;fmt/20,;Acrobat PDF 1.6 - Portable Document Format,;7
D:\FileSuites\PDF\PDF_diverse\DROIDunknowns\pdf_1_6\DROIDunknowns406165.pdf;V92\;fmt/20,;Acrobat PDF 1.6 - Portable Document Format,;7
D:\FileSuites\PDF\PDF_diverse\DROIDunknowns\pdf_1_6\DROIDunknowns406165.pdf;V93\;fmt/20,;Acrobat PDF 1.6 - Portable Document Format,;7
D:\FileSuites\PDF\PDF_diverse\DROIDunknowns\pdf_1_6\DROIDunknowns465013.pdf;V1\;Unknown,;not known,;7
D:\FileSuites\PDF\PDF_diverse\DROIDunknowns\pdf_1_6\DROIDunknowns465013.pdf;V10\;Unknown,;not known,;7
D:\FileSuites\PDF\PDF_diverse\DROIDunknowns\pdf_1_6\DROIDunknowns465013.pdf;V11\;Unknown,;not known,;7
D:\FileSuites\PDF\PDF_diverse\DROIDunknowns\pdf_1_6\DROIDunknowns465013.pdf;V12\;Unknown,;not known,;7
D:\FileSuites\PDF\PDF_diverse\DROIDunknowns\pdf_1_6\DROIDunknowns465013.pdf;V13\;Unknown,;not known,;7
D:\FileSuites\PDF\PDF_diverse\DROIDunknowns\pdf_1_6\DROIDunknowns465013.pdf;V16\;fmt/20,;Acrobat PDF 1.6 - Portable Document Format,;7
D:\FileSuites\PDF\PDF_diverse\DROIDunknowns\pdf_1_6\DROIDunknowns465013.pdf;V17\;fmt/20,;Acrobat PDF 1.6 - Portable Document Format,;7
D:\FileSuites\PDF\PDF_diverse\DROIDunknowns\pdf_1_6\DROIDunknowns465013.pdf;V18\;fmt/20,;Acrobat PDF 1.6 - Portable Document Format,;7
D:\FileSuites\PDF\PDF_diverse\DROIDunknowns\pdf_1_6\DROIDunknowns465013.pdf;V19\;fmt/20,;Acrobat PDF 1.6 - Portable Document Format,;7
D:\FileSuites\PDF\PDF_diverse\DROIDunknowns\pdf_1_6\DROIDunknowns465013.pdf;V2\;Unknown,;not known,;7
D:\FileSuites\PDF\PDF_diverse\DROIDunknowns\pdf_1_6\DROIDunknowns465013.pdf;V20\;Unknown,;not known,;7
D:\FileSuites\PDF\PDF_diverse\DROIDunknowns\pdf_1_6\DROIDunknowns465013.pdf;V21\;fmt/20,;Acrobat PDF 1.6 - Portable Document Format,;7
D:\FileSuites\PDF\PDF_diverse\DROIDunknowns\pdf_1_6\DROIDunknowns465013.pdf;V22\;fmt/20,;Acrobat PDF 1.6 - Portable Document Format,;7
D:\FileSuites\PDF\PDF_diverse\DROIDunknowns\pdf_1_6\DROIDunknowns465013.pdf;V23\;fmt/20,;Acrobat PDF 1.6 - Portable Document Format,;7
D:\FileSuites\PDF\PDF_diverse\DROIDunknowns\pdf_1_6\DROIDunknowns465013.pdf;V24\;fmt/20,;Acrobat PDF 1.6 - Portable Document Format,;7
D:\FileSuites\PDF\PDF_diverse\DROIDunknowns\pdf_1_6\DROIDunknowns465013.pdf;V25\;fmt/20,;Acrobat PDF 1.6 - Portable Document Format,;7
D:\FileSuites\PDF\PDF_diverse\DROIDunknowns\pdf_1_6\DROIDunknowns465013.pdf;V26\;fmt/20,;Acrobat PDF 1.6 - Portable Document Format,;7
D:\FileSuites\PDF\PDF_diverse\DROIDunknowns\pdf_1_6\DROIDunknowns465013.pdf;V28\;fmt/20,;Acrobat PDF 1.6 - Portable Document Format,;7
D:\FileSuites\PDF\PDF_diverse\DROIDunknowns\pdf_1_6\DROIDunknowns465013.pdf;V29\;fmt/20,;Acrobat PDF 1.6 - Portable Document Format,;7
D:\FileSuites\PDF\PDF_diverse\DROIDunknowns\pdf_1_6\DROIDunknowns465013.pdf;V3\;Unknown,;not known,;7
D:\FileSuites\PDF\PDF_diverse\DROIDunknowns\pdf_1_6\DROIDunknowns465013.pdf;V31\;fmt/20,;Acrobat PDF 1.6 - Portable Document Format,;7
D:\FileSuites\PDF\PDF_diverse\DROIDunknowns\pdf_1_6\DROIDunknowns465013.pdf;V32\;fmt/20,;Acrobat PDF 1.6 - Portable Document Format,;7
D:\FileSuites\PDF\PDF_diverse\DROIDunknowns\pdf_1_6\DROIDunknowns465013.pdf;V33\;fmt/20,;Acrobat PDF 1.6 - Portable Document Format,;7
D:\FileSuites\PDF\PDF_diverse\DROIDunknowns\pdf_1_6\DROIDunknowns465013.pdf;V34\;fmt/20,;Acrobat PDF 1.6 - Portable Document Format,;7
D:\FileSuites\PDF\PDF_diverse\DROIDunknowns\pdf_1_6\DROIDunknowns465013.pdf;V35\;fmt/20,;Acrobat PDF 1.6 - Portable Document Format,;7
D:\FileSuites\PDF\PDF_diverse\DROIDunknowns\pdf_1_6\DROIDunknowns465013.pdf;V36\;fmt/20,;Acrobat PDF 1.6 - Portable Document Format,;7
D:\FileSuites\PDF\PDF_diverse\DROIDunknowns\pdf_1_6\DROIDunknowns465013.pdf;V37\;fmt/20,;Acrobat PDF 1.6 - Portable Document Format,;7
D:\FileSuites\PDF\PDF_diverse\DROIDunknowns\pdf_1_6\DROIDunknowns465013.pdf;V38\;Unknown,;not known,;7
D:\FileSuites\PDF\PDF_diverse\DROIDunknowns\pdf_1_6\DROIDunknowns465013.pdf;V39\;Unknown,;not known,;7
D:\FileSuites\PDF\PDF_diverse\DROIDunknowns\pdf_1_6\DROIDunknowns465013.pdf;V4\;Unknown,;not known,;7
D:\FileSuites\PDF\PDF_diverse\DROIDunknowns\pdf_1_6\DROIDunknowns465013.pdf;V40\;Unknown,;not known,;7
D:\FileSuites\PDF\PDF_diverse\DROIDunknowns\pdf_1_6\DROIDunknowns465013.pdf;V41\;Unknown,;not known,;7
D:\FileSuites\PDF\PDF_diverse\DROIDunknowns\pdf_1_6\DROIDunknowns465013.pdf;V42\;Unknown,;not known,;7
D:\FileSuites\PDF\PDF_diverse\DROIDunknowns\pdf_1_6\DROIDunknowns465013.pdf;V43\;Unknown,;not known,;7
D:\FileSuites\PDF\PDF_diverse\DROIDunknowns\pdf_1_6\DROIDunknowns465013.pdf;V44\;Unknown,;not known,;7
D:\FileSuites\PDF\PDF_diverse\DROIDunknowns\pdf_1_6\DROIDunknowns465013.pdf;V45\;Unknown,;not known,;7
D:\FileSuites\PDF\PDF_diverse\DROIDunknowns\pdf_1_6\DROIDunknowns465013.pdf;V46\;Unknown,;not known,;7
D:\FileSuites\PDF\PDF_diverse\DROIDunknowns\pdf_1_6\DROIDunknowns465013.pdf;V47\;Unknown,;not known,;7
D:\FileSuites\PDF\PDF_diverse\DROIDunknowns\pdf_1_6\DROIDunknowns465013.pdf;V48\;Unknown,;not known,;7
D:\FileSuites\PDF\PDF_diverse\DROIDunknowns\pdf_1_6\DROIDunknowns465013.pdf;V49\;fmt/20,;Acrobat PDF 1.6 - Portable Document Format,;7
D:\FileSuites\PDF\PDF_diverse\DROIDunknowns\pdf_1_6\DROIDunknowns465013.pdf;V5\;Unknown,;not known,;7
D:\FileSuites\PDF\PDF_diverse\DROIDunknowns\pdf_1_6\DROIDunknowns465013.pdf;V50\;fmt/20,;Acrobat PDF 1.6 - Portable Document Format,;7
D:\FileSuites\PDF\PDF_diverse\DROIDunknowns\pdf_1_6\DROIDunknowns465013.pdf;V51\;fmt/20,;Acrobat PDF 1.6 - Portable Document Format,;7
D:\FileSuites\PDF\PDF_diverse\DROIDunknowns\pdf_1_6\DROIDunknowns465013.pdf;V52\;fmt/20,;Acrobat PDF 1.6 - Portable Document Format,;7
D:\FileSuites\PDF\PDF_diverse\DROIDunknowns\pdf_1_6\DROIDunknowns465013.pdf;V55\;fmt/20,;Acrobat PDF 1.6 - Portable Document Format,;7
D:\FileSuites\PDF\PDF_diverse\DROIDunknowns\pdf_1_6\DROIDunknowns465013.pdf;V58\;Unknown,;not known,;7
D:\FileSuites\PDF\PDF_diverse\DROIDunknowns\pdf_1_6\DROIDunknowns465013.pdf;V59\;Unknown,;not known,;7
D:\FileSuites\PDF\PDF_diverse\DROIDunknowns\pdf_1_6\DROIDunknowns465013.pdf;V6\;Unknown,;not known,;7
D:\FileSuites\PDF\PDF_diverse\DROIDunknowns\pdf_1_6\DROIDunknowns465013.pdf;V60\;fmt/20,;Acrobat PDF 1.6 - Portable Document Format,;7
D:\FileSuites\PDF\PDF_diverse\DROIDunknowns\pdf_1_6\DROIDunknowns465013.pdf;V61\;fmt/20,;Acrobat PDF 1.6 - Portable Document Format,;7
D:\FileSuites\PDF\PDF_diverse\DROIDunknowns\pdf_1_6\DROIDunknowns465013.pdf;V62\;fmt/20,;Acrobat PDF 1.6 - Portable Document Format,;7
D:\FileSuites\PDF\PDF_diverse\DROIDunknowns\pdf_1_6\DROIDunknowns465013.pdf;V63\;fmt/20,;Acrobat PDF 1.6 - Portable Document Format,;7
D:\FileSuites\PDF\PDF_diverse\DROIDunknowns\pdf_1_6\DROIDunknowns465013.pdf;V65\;fmt/20,;Acrobat PDF 1.6 - Portable Document Format,;7
D:\FileSuites\PDF\PDF_diverse\DROIDunknowns\pdf_1_6\DROIDunknowns465013.pdf;V66\;fmt/20,;Acrobat PDF 1.6 - Portable Document Format,;7
D:\FileSuites\PDF\PDF_diverse\DROIDunknowns\pdf_1_6\DROIDunknowns465013.pdf;V67\;fmt/20,;Acrobat PDF 1.6 - Portable Document Format,;7
D:\FileSuites\PDF\PDF_diverse\DROIDunknowns\pdf_1_6\DROIDunknowns465013.pdf;V68\;fmt/20,;Acrobat PDF 1.6 - Portable Document Format,;7
D:\FileSuites\PDF\PDF_diverse\DROIDunknowns\pdf_1_6\DROIDunknowns465013.pdf;V69\;fmt/20,;Acrobat PDF 1.6 - Portable Document Format,;7
D:\FileSuites\PDF\PDF_diverse\DROIDunknowns\pdf_1_6\DROIDunknowns465013.pdf;V7\;Unknown,;not known,;7
D:\FileSuites\PDF\PDF_diverse\DROIDunknowns\pdf_1_6\DROIDunknowns465013.pdf;V70\;fmt/20,;Acrobat PDF 1.6 - Portable Document Format,;7
D:\FileSuites\PDF\PDF_diverse\DROIDunknowns\pdf_1_6\DROIDunknowns465013.pdf;V72\;fmt/20,;Acrobat PDF 1.6 - Portable Document Format,;7
D:\FileSuites\PDF\PDF_diverse\DROIDunknowns\pdf_1_6\DROIDunknowns465013.pdf;V73\;fmt/20,;Acrobat PDF 1.6 - Portable Document Format,;7
D:\FileSuites\PDF\PDF_diverse\DROIDunknowns\pdf_1_6\DROIDunknowns465013.pdf;V74\;fmt/20,;Acrobat PDF 1.6 - Portable Document Format,;7
D:\FileSuites\PDF\PDF_diverse\DROIDunknowns\pdf_1_6\DROIDunknowns465013.pdf;V75\;fmt/20,;Acrobat PDF 1.6 - Portable Document Format,;7
D:\FileSuites\PDF\PDF_diverse\DROIDunknowns\pdf_1_6\DROIDunknowns465013.pdf;V77\;fmt/20,;Acrobat PDF 1.6 - Portable Document Format,;7
D:\FileSuites\PDF\PDF_diverse\DROIDunknowns\pdf_1_6\DROIDunknowns465013.pdf;V78\;fmt/20,;Acrobat PDF 1.6 - Portable Document Format,;7
D:\FileSuites\PDF\PDF_diverse\DROIDunknowns\pdf_1_6\DROIDunknowns465013.pdf;V79\;fmt/20,;Acrobat PDF 1.6 - Portable Document Format,;7
D:\FileSuites\PDF\PDF_diverse\DROIDunknowns\pdf_1_6\DROIDunknowns465013.pdf;V8\;Unknown,;not known,;7
D:\FileSuites\PDF\PDF_diverse\DROIDunknowns\pdf_1_6\DROIDunknowns465013.pdf;V81\;fmt/20,;Acrobat PDF 1.6 - Portable Document Format,;7
D:\FileSuites\PDF\PDF_diverse\DROIDunknowns\pdf_1_6\DROIDunknowns465013.pdf;V82\;fmt/20,;Acrobat PDF 1.6 - Portable Document Format,;7
D:\FileSuites\PDF\PDF_diverse\DROIDunknowns\pdf_1_6\DROIDunknowns465013.pdf;V83\;fmt/20,;Acrobat PDF 1.6 - Portable Document Format,;7
D:\FileSuites\PDF\PDF_diverse\DROIDunknowns\pdf_1_6\DROIDunknowns465013.pdf;V84\;fmt/20,;Acrobat PDF 1.6 - Portable Document Format,;7
D:\FileSuites\PDF\PDF_diverse\DROIDunknowns\pdf_1_6\DROIDunknowns465013.pdf;V85\;fmt/20,;Acrobat PDF 1.6 - Portable Document Format,;7
D:\FileSuites\PDF\PDF_diverse\DROIDunknowns\pdf_1_6\DROIDunknowns465013.pdf;V86\;fmt/20,;Acrobat PDF 1.6 - Portable Document Format,;7
D:\FileSuites\PDF\PDF_diverse\DROIDunknowns\pdf_1_6\DROIDunknowns465013.pdf;V88\;fmt/20,;Acrobat PDF 1.6 - Portable Document Format,;7
D:\FileSuites\PDF\PDF_diverse\DROIDunknowns\pdf_1_6\DROIDunknowns465013.pdf;V9\;Unknown,;not known,;7
D:\FileSuites\PDF\PDF_diverse\DROIDunknowns\pdf_1_6\DROIDunknowns465013.pdf;V90\;fmt/20,;Acrobat PDF 1.6 - Portable Document Format,;7
D:\FileSuites\PDF\PDF_diverse\DROIDunknowns\pdf_1_6\DROIDunknowns465013.pdf;V91\;fmt/20,;Acrobat PDF 1.6 - Portable Document Format,;7
D:\FileSuites\PDF\PDF_diverse\DROIDunknowns\pdf_1_6\DROIDunknowns465013.pdf;V92\;fmt/20,;Acrobat PDF 1.6 - Portable Document Format,;7
D:\FileSuites\PDF\PDF_diverse\DROIDunknowns\pdf_1_6\DROIDunknowns465013.pdf;V93\;fmt/20,;Acrobat PDF 1.6 - Portable Document Format,;7
D:\FileSuites\PDF\PDF_diverse\DROIDunknowns\pdf_1_6\DROIDunknowns665447.pdf;V1\;Unknown,;not known,;7
D:\FileSuites\PDF\PDF_diverse\DROIDunknowns\pdf_1_6\DROIDunknowns665447.pdf;V10\;Unknown,;not known,;7
D:\FileSuites\PDF\PDF_diverse\DROIDunknowns\pdf_1_6\DROIDunknowns665447.pdf;V11\;Unknown,;not known,;7
D:\FileSuites\PDF\PDF_diverse\DROIDunknowns\pdf_1_6\DROIDunknowns665447.pdf;V12\;Unknown,;not known,;7
D:\FileSuites\PDF\PDF_diverse\DROIDunknowns\pdf_1_6\DROIDunknowns665447.pdf;V13\;Unknown,;not known,;7
D:\FileSuites\PDF\PDF_diverse\DROIDunknowns\pdf_1_6\DROIDunknowns665447.pdf;V16\;fmt/20,;Acrobat PDF 1.6 - Portable Document Format,;7
D:\FileSuites\PDF\PDF_diverse\DROIDunknowns\pdf_1_6\DROIDunknowns665447.pdf;V17\;fmt/20,;Acrobat PDF 1.6 - Portable Document Format,;7
D:\FileSuites\PDF\PDF_diverse\DROIDunknowns\pdf_1_6\DROIDunknowns665447.pdf;V18\;fmt/20,;Acrobat PDF 1.6 - Portable Document Format,;7
D:\FileSuites\PDF\PDF_diverse\DROIDunknowns\pdf_1_6\DROIDunknowns665447.pdf;V19\;fmt/20,;Acrobat PDF 1.6 - Portable Document Format,;7
D:\FileSuites\PDF\PDF_diverse\DROIDunknowns\pdf_1_6\DROIDunknowns665447.pdf;V2\;Unknown,;not known,;7
D:\FileSuites\PDF\PDF_diverse\DROIDunknowns\pdf_1_6\DROIDunknowns665447.pdf;V20\;Unknown,;not known,;7
D:\FileSuites\PDF\PDF_diverse\DROIDunknowns\pdf_1_6\DROIDunknowns665447.pdf;V21\;fmt/20,;Acrobat PDF 1.6 - Portable Document Format,;7
D:\FileSuites\PDF\PDF_diverse\DROIDunknowns\pdf_1_6\DROIDunknowns665447.pdf;V22\;fmt/20,;Acrobat PDF 1.6 - Portable Document Format,;7
D:\FileSuites\PDF\PDF_diverse\DROIDunknowns\pdf_1_6\DROIDunknowns665447.pdf;V23\;fmt/20,;Acrobat PDF 1.6 - Portable Document Format,;7
D:\FileSuites\PDF\PDF_diverse\DROIDunknowns\pdf_1_6\DROIDunknowns665447.pdf;V24\;fmt/20,;Acrobat PDF 1.6 - Portable Document Format,;7
D:\FileSuites\PDF\PDF_diverse\DROIDunknowns\pdf_1_6\DROIDunknowns665447.pdf;V25\;fmt/20,;Acrobat PDF 1.6 - Portable Document Format,;7
D:\FileSuites\PDF\PDF_diverse\DROIDunknowns\pdf_1_6\DROIDunknowns665447.pdf;V26\;fmt/20,;Acrobat PDF 1.6 - Portable Document Format,;7
D:\FileSuites\PDF\PDF_diverse\DROIDunknowns\pdf_1_6\DROIDunknowns665447.pdf;V28\;fmt/20,;Acrobat PDF 1.6 - Portable Document Format,;7
D:\FileSuites\PDF\PDF_diverse\DROIDunknowns\pdf_1_6\DROIDunknowns665447.pdf;V29\;fmt/20,;Acrobat PDF 1.6 - Portable Document Format,;7
D:\FileSuites\PDF\PDF_diverse\DROIDunknowns\pdf_1_6\DROIDunknowns665447.pdf;V3\;Unknown,;not known,;7
D:\FileSuites\PDF\PDF_diverse\DROIDunknowns\pdf_1_6\DROIDunknowns665447.pdf;V31\;fmt/20,;Acrobat PDF 1.6 - Portable Document Format,;7
D:\FileSuites\PDF\PDF_diverse\DROIDunknowns\pdf_1_6\DROIDunknowns665447.pdf;V32\;fmt/20,;Acrobat PDF 1.6 - Portable Document Format,;7
D:\FileSuites\PDF\PDF_diverse\DROIDunknowns\pdf_1_6\DROIDunknowns665447.pdf;V33\;fmt/20,;Acrobat PDF 1.6 - Portable Document Format,;7
D:\FileSuites\PDF\PDF_diverse\DROIDunknowns\pdf_1_6\DROIDunknowns665447.pdf;V34\;fmt/20,;Acrobat PDF 1.6 - Portable Document Format,;7
D:\FileSuites\PDF\PDF_diverse\DROIDunknowns\pdf_1_6\DROIDunknowns665447.pdf;V35\;fmt/20,;Acrobat PDF 1.6 - Portable Document Format,;7
D:\FileSuites\PDF\PDF_diverse\DROIDunknowns\pdf_1_6\DROIDunknowns665447.pdf;V36\;fmt/20,;Acrobat PDF 1.6 - Portable Document Format,;7
D:\FileSuites\PDF\PDF_diverse\DROIDunknowns\pdf_1_6\DROIDunknowns665447.pdf;V37\;fmt/20,;Acrobat PDF 1.6 - Portable Document Format,;7
D:\FileSuites\PDF\PDF_diverse\DROIDunknowns\pdf_1_6\DROIDunknowns665447.pdf;V38\;Unknown,;not known,;7
D:\FileSuites\PDF\PDF_diverse\DROIDunknowns\pdf_1_6\DROIDunknowns665447.pdf;V39\;Unknown,;not known,;7
D:\FileSuites\PDF\PDF_diverse\DROIDunknowns\pdf_1_6\DROIDunknowns665447.pdf;V4\;Unknown,;not known,;7
D:\FileSuites\PDF\PDF_diverse\DROIDunknowns\pdf_1_6\DROIDunknowns665447.pdf;V40\;Unknown,;not known,;7
D:\FileSuites\PDF\PDF_diverse\DROIDunknowns\pdf_1_6\DROIDunknowns665447.pdf;V41\;Unknown,;not known,;7
D:\FileSuites\PDF\PDF_diverse\DROIDunknowns\pdf_1_6\DROIDunknowns665447.pdf;V42\;Unknown,;not known,;7
D:\FileSuites\PDF\PDF_diverse\DROIDunknowns\pdf_1_6\DROIDunknowns665447.pdf;V43\;Unknown,;not known,;7
D:\FileSuites\PDF\PDF_diverse\DROIDunknowns\pdf_1_6\DROIDunknowns665447.pdf;V44\;Unknown,;not known,;7
D:\FileSuites\PDF\PDF_diverse\DROIDunknowns\pdf_1_6\DROIDunknowns665447.pdf;V45\;Unknown,;not known,;7
D:\FileSuites\PDF\PDF_diverse\DROIDunknowns\pdf_1_6\DROIDunknowns665447.pdf;V46\;Unknown,;not known,;7
D:\FileSuites\PDF\PDF_diverse\DROIDunknowns\pdf_1_6\DROIDunknowns665447.pdf;V47\;Unknown,;not known,;7
D:\FileSuites\PDF\PDF_diverse\DROIDunknowns\pdf_1_6\DROIDunknowns665447.pdf;V48\;Unknown,;not known,;7
D:\FileSuites\PDF\PDF_diverse\DROIDunknowns\pdf_1_6\DROIDunknowns665447.pdf;V49\;fmt/20,;Acrobat PDF 1.6 - Portable Document Format,;7
D:\FileSuites\PDF\PDF_diverse\DROIDunknowns\pdf_1_6\DROIDunknowns665447.pdf;V5\;Unknown,;not known,;7
D:\FileSuites\PDF\PDF_diverse\DROIDunknowns\pdf_1_6\DROIDunknowns665447.pdf;V50\;fmt/20,;Acrobat PDF 1.6 - Portable Document Format,;7
D:\FileSuites\PDF\PDF_diverse\DROIDunknowns\pdf_1_6\DROIDunknowns665447.pdf;V51\;fmt/20,;Acrobat PDF 1.6 - Portable Document Format,;7
D:\FileSuites\PDF\PDF_diverse\DROIDunknowns\pdf_1_6\DROIDunknowns665447.pdf;V52\;fmt/20,;Acrobat PDF 1.6 - Portable Document Format,;7
D:\FileSuites\PDF\PDF_diverse\DROIDunknowns\pdf_1_6\DROIDunknowns665447.pdf;V55\;fmt/20,;Acrobat PDF 1.6 - Portable Document Format,;7
D:\FileSuites\PDF\PDF_diverse\DROIDunknowns\pdf_1_6\DROIDunknowns665447.pdf;V58\;fmt/20,;Acrobat PDF 1.6 - Portable Document Format,;7
D:\FileSuites\PDF\PDF_diverse\DROIDunknowns\pdf_1_6\DROIDunknowns665447.pdf;V59\;fmt/20,;Acrobat PDF 1.6 - Portable Document Format,;7
D:\FileSuites\PDF\PDF_diverse\DROIDunknowns\pdf_1_6\DROIDunknowns665447.pdf;V6\;Unknown,;not known,;7
D:\FileSuites\PDF\PDF_diverse\DROIDunknowns\pdf_1_6\DROIDunknowns665447.pdf;V60\;fmt/20,;Acrobat PDF 1.6 - Portable Document Format,;7
D:\FileSuites\PDF\PDF_diverse\DROIDunknowns\pdf_1_6\DROIDunknowns665447.pdf;V61\;fmt/20,;Acrobat PDF 1.6 - Portable Document Format,;7
D:\FileSuites\PDF\PDF_diverse\DROIDunknowns\pdf_1_6\DROIDunknowns665447.pdf;V62\;fmt/20,;Acrobat PDF 1.6 - Portable Document Format,;7
D:\FileSuites\PDF\PDF_diverse\DROIDunknowns\pdf_1_6\DROIDunknowns665447.pdf;V63\;fmt/20,;Acrobat PDF 1.6 - Portable Document Format,;7
D:\FileSuites\PDF\PDF_diverse\DROIDunknowns\pdf_1_6\DROIDunknowns665447.pdf;V65\;fmt/20,;Acrobat PDF 1.6 - Portable Document Format,;7
D:\FileSuites\PDF\PDF_diverse\DROIDunknowns\pdf_1_6\DROIDunknowns665447.pdf;V66\;fmt/20,;Acrobat PDF 1.6 - Portable Document Format,;7
D:\FileSuites\PDF\PDF_diverse\DROIDunknowns\pdf_1_6\DROIDunknowns665447.pdf;V67\;fmt/20,;Acrobat PDF 1.6 - Portable Document Format,;7
D:\FileSuites\PDF\PDF_diverse\DROIDunknowns\pdf_1_6\DROIDunknowns665447.pdf;V68\;fmt/20,;Acrobat PDF 1.6 - Portable Document Format,;7
D:\FileSuites\PDF\PDF_diverse\DROIDunknowns\pdf_1_6\DROIDunknowns665447.pdf;V69\;fmt/20,;Acrobat PDF 1.6 - Portable Document Format,;7
D:\FileSuites\PDF\PDF_diverse\DROIDunknowns\pdf_1_6\DROIDunknowns665447.pdf;V7\;Unknown,;not known,;7
D:\FileSuites\PDF\PDF_diverse\DROIDunknowns\pdf_1_6\DROIDunknowns665447.pdf;V70\;fmt/20,;Acrobat PDF 1.6 - Portable Document Format,;7
D:\FileSuites\PDF\PDF_diverse\DROIDunknowns\pdf_1_6\DROIDunknowns665447.pdf;V72\;fmt/20,;Acrobat PDF 1.6 - Portable Document Format,;7
D:\FileSuites\PDF\PDF_diverse\DROIDunknowns\pdf_1_6\DROIDunknowns665447.pdf;V73\;fmt/20,;Acrobat PDF 1.6 - Portable Document Format,;7
D:\FileSuites\PDF\PDF_diverse\DROIDunknowns\pdf_1_6\DROIDunknowns665447.pdf;V74\;fmt/20,;Acrobat PDF 1.6 - Portable Document Format,;7
D:\FileSuites\PDF\PDF_diverse\DROIDunknowns\pdf_1_6\DROIDunknowns665447.pdf;V75\;fmt/20,;Acrobat PDF 1.6 - Portable Document Format,;7
D:\FileSuites\PDF\PDF_diverse\DROIDunknowns\pdf_1_6\DROIDunknowns665447.pdf;V77\;fmt/20,;Acrobat PDF 1.6 - Portable Document Format,;7
D:\FileSuites\PDF\PDF_diverse\DROIDunknowns\pdf_1_6\DROIDunknowns665447.pdf;V78\;fmt/20,;Acrobat PDF 1.6 - Portable Document Format,;7
D:\FileSuites\PDF\PDF_diverse\DROIDunknowns\pdf_1_6\DROIDunknowns665447.pdf;V79\;fmt/20,;Acrobat PDF 1.6 - Portable Document Format,;7
D:\FileSuites\PDF\PDF_diverse\DROIDunknowns\pdf_1_6\DROIDunknowns665447.pdf;V8\;Unknown,;not known,;7
D:\FileSuites\PDF\PDF_diverse\DROIDunknowns\pdf_1_6\DROIDunknowns665447.pdf;V81\;fmt/20,;Acrobat PDF 1.6 - Portable Document Format,;7
D:\FileSuites\PDF\PDF_diverse\DROIDunknowns\pdf_1_6\DROIDunknowns665447.pdf;V82\;fmt/20,;Acrobat PDF 1.6 - Portable Document Format,;7
D:\FileSuites\PDF\PDF_diverse\DROIDunknowns\pdf_1_6\DROIDunknowns665447.pdf;V83\;fmt/20,;Acrobat PDF 1.6 - Portable Document Format,;7
D:\FileSuites\PDF\PDF_diverse\DROIDunknowns\pdf_1_6\DROIDunknowns665447.pdf;V84\;fmt/20,;Acrobat PDF 1.6 - Portable Document Format,;7
D:\FileSuites\PDF\PDF_diverse\DROIDunknowns\pdf_1_6\DROIDunknowns665447.pdf;V85\;fmt/20,;Acrobat PDF 1.6 - Portable Document Format,;7
D:\FileSuites\PDF\PDF_diverse\DROIDunknowns\pdf_1_6\DROIDunknowns665447.pdf;V86\;fmt/20,;Acrobat PDF 1.6 - Portable Document Format,;7
D:\FileSuites\PDF\PDF_diverse\DROIDunknowns\pdf_1_6\DROIDunknowns665447.pdf;V88\;fmt/20,;Acrobat PDF 1.6 - Portable Document Format,;7
D:\FileSuites\PDF\PDF_diverse\DROIDunknowns\pdf_1_6\DROIDunknowns665447.pdf;V9\;Unknown,;not known,;7
D:\FileSuites\PDF\PDF_diverse\DROIDunknowns\pdf_1_6\DROIDunknowns665447.pdf;V90\;fmt/20,;Acrobat PDF 1.6 - Portable Document Format,;7
D:\FileSuites\PDF\PDF_diverse\DROIDunknowns\pdf_1_6\DROIDunknowns665447.pdf;V91\;fmt/20,;Acrobat PDF 1.6 - Portable Document Format,;7
D:\FileSuites\PDF\PDF_diverse\DROIDunknowns\pdf_1_6\DROIDunknowns665447.pdf;V92\;fmt/20,;Acrobat PDF 1.6 - Portable Document Format,;7
D:\FileSuites\PDF\PDF_diverse\DROIDunknowns\pdf_1_6\DROIDunknowns665447.pdf;V93\;fmt/20,;Acrobat PDF 1.6 - Portable Document Format,;7
D:\FileSuites\PDF\PDF_diverse\DROIDunknowns\pdf_1_6\DROIDunknowns827680.pdf;V1\;Unknown,;not known,;7
D:\FileSuites\PDF\PDF_diverse\DROIDunknowns\pdf_1_6\DROIDunknowns827680.pdf;V10\;Unknown,;not known,;7
D:\FileSuites\PDF\PDF_diverse\DROIDunknowns\pdf_1_6\DROIDunknowns827680.pdf;V11\;Unknown,;not known,;7
D:\FileSuites\PDF\PDF_diverse\DROIDunknowns\pdf_1_6\DROIDunknowns827680.pdf;V12\;Unknown,;not known,;7
D:\FileSuites\PDF\PDF_diverse\DROIDunknowns\pdf_1_6\DROIDunknowns827680.pdf;V13\;Unknown,;not known,;7
D:\FileSuites\PDF\PDF_diverse\DROIDunknowns\pdf_1_6\DROIDunknowns827680.pdf;V16\;fmt/20,;Acrobat PDF 1.6 - Portable Document Format,;7
D:\FileSuites\PDF\PDF_diverse\DROIDunknowns\pdf_1_6\DROIDunknowns827680.pdf;V17\;fmt/20,;Acrobat PDF 1.6 - Portable Document Format,;7
D:\FileSuites\PDF\PDF_diverse\DROIDunknowns\pdf_1_6\DROIDunknowns827680.pdf;V18\;fmt/20,;Acrobat PDF 1.6 - Portable Document Format,;7
D:\FileSuites\PDF\PDF_diverse\DROIDunknowns\pdf_1_6\DROIDunknowns827680.pdf;V19\;fmt/20,;Acrobat PDF 1.6 - Portable Document Format,;7
D:\FileSuites\PDF\PDF_diverse\DROIDunknowns\pdf_1_6\DROIDunknowns827680.pdf;V2\;Unknown,;not known,;7
D:\FileSuites\PDF\PDF_diverse\DROIDunknowns\pdf_1_6\DROIDunknowns827680.pdf;V20\;Unknown,;not known,;7
D:\FileSuites\PDF\PDF_diverse\DROIDunknowns\pdf_1_6\DROIDunknowns827680.pdf;V21\;fmt/20,;Acrobat PDF 1.6 - Portable Document Format,;7
D:\FileSuites\PDF\PDF_diverse\DROIDunknowns\pdf_1_6\DROIDunknowns827680.pdf;V22\;fmt/20,;Acrobat PDF 1.6 - Portable Document Format,;7
D:\FileSuites\PDF\PDF_diverse\DROIDunknowns\pdf_1_6\DROIDunknowns827680.pdf;V23\;fmt/20,;Acrobat PDF 1.6 - Portable Document Format,;7
D:\FileSuites\PDF\PDF_diverse\DROIDunknowns\pdf_1_6\DROIDunknowns827680.pdf;V24\;fmt/20,;Acrobat PDF 1.6 - Portable Document Format,;7
D:\FileSuites\PDF\PDF_diverse\DROIDunknowns\pdf_1_6\DROIDunknowns827680.pdf;V25\;fmt/20,;Acrobat PDF 1.6 - Portable Document Format,;7
D:\FileSuites\PDF\PDF_diverse\DROIDunknowns\pdf_1_6\DROIDunknowns827680.pdf;V26\;fmt/20,;Acrobat PDF 1.6 - Portable Document Format,;7
D:\FileSuites\PDF\PDF_diverse\DROIDunknowns\pdf_1_6\DROIDunknowns827680.pdf;V28\;fmt/20,;Acrobat PDF 1.6 - Portable Document Format,;7
D:\FileSuites\PDF\PDF_diverse\DROIDunknowns\pdf_1_6\DROIDunknowns827680.pdf;V29\;fmt/20,;Acrobat PDF 1.6 - Portable Document Format,;7
D:\FileSuites\PDF\PDF_diverse\DROIDunknowns\pdf_1_6\DROIDunknowns827680.pdf;V3\;Unknown,;not known,;7
D:\FileSuites\PDF\PDF_diverse\DROIDunknowns\pdf_1_6\DROIDunknowns827680.pdf;V31\;fmt/20,;Acrobat PDF 1.6 - Portable Document Format,;7
D:\FileSuites\PDF\PDF_diverse\DROIDunknowns\pdf_1_6\DROIDunknowns827680.pdf;V32\;fmt/20,;Acrobat PDF 1.6 - Portable Document Format,;7
D:\FileSuites\PDF\PDF_diverse\DROIDunknowns\pdf_1_6\DROIDunknowns827680.pdf;V33\;fmt/20,;Acrobat PDF 1.6 - Portable Document Format,;7
D:\FileSuites\PDF\PDF_diverse\DROIDunknowns\pdf_1_6\DROIDunknowns827680.pdf;V34\;fmt/20,;Acrobat PDF 1.6 - Portable Document Format,;7
D:\FileSuites\PDF\PDF_diverse\DROIDunknowns\pdf_1_6\DROIDunknowns827680.pdf;V35\;fmt/20,;Acrobat PDF 1.6 - Portable Document Format,;7
D:\FileSuites\PDF\PDF_diverse\DROIDunknowns\pdf_1_6\DROIDunknowns827680.pdf;V36\;fmt/20,;Acrobat PDF 1.6 - Portable Document Format,;7
D:\FileSuites\PDF\PDF_diverse\DROIDunknowns\pdf_1_6\DROIDunknowns827680.pdf;V37\;fmt/20,;Acrobat PDF 1.6 - Portable Document Format,;7
D:\FileSuites\PDF\PDF_diverse\DROIDunknowns\pdf_1_6\DROIDunknowns827680.pdf;V38\;Unknown,;not known,;7
D:\FileSuites\PDF\PDF_diverse\DROIDunknowns\pdf_1_6\DROIDunknowns827680.pdf;V39\;Unknown,;not known,;7
D:\FileSuites\PDF\PDF_diverse\DROIDunknowns\pdf_1_6\DROIDunknowns827680.pdf;V4\;Unknown,;not known,;7
D:\FileSuites\PDF\PDF_diverse\DROIDunknowns\pdf_1_6\DROIDunknowns827680.pdf;V40\;Unknown,;not known,;7
D:\FileSuites\PDF\PDF_diverse\DROIDunknowns\pdf_1_6\DROIDunknowns827680.pdf;V41\;Unknown,;not known,;7
D:\FileSuites\PDF\PDF_diverse\DROIDunknowns\pdf_1_6\DROIDunknowns827680.pdf;V42\;Unknown,;not known,;7
D:\FileSuites\PDF\PDF_diverse\DROIDunknowns\pdf_1_6\DROIDunknowns827680.pdf;V43\;Unknown,;not known,;7
D:\FileSuites\PDF\PDF_diverse\DROIDunknowns\pdf_1_6\DROIDunknowns827680.pdf;V44\;Unknown,;not known,;7
D:\FileSuites\PDF\PDF_diverse\DROIDunknowns\pdf_1_6\DROIDunknowns827680.pdf;V45\;Unknown,;not known,;7
D:\FileSuites\PDF\PDF_diverse\DROIDunknowns\pdf_1_6\DROIDunknowns827680.pdf;V46\;Unknown,;not known,;7
D:\FileSuites\PDF\PDF_diverse\DROIDunknowns\pdf_1_6\DROIDunknowns827680.pdf;V47\;Unknown,;not known,;7
D:\FileSuites\PDF\PDF_diverse\DROIDunknowns\pdf_1_6\DROIDunknowns827680.pdf;V48\;Unknown,;not known,;7
D:\FileSuites\PDF\PDF_diverse\DROIDunknowns\pdf_1_6\DROIDunknowns827680.pdf;V49\;Unknown,;not known,;7
D:\FileSuites\PDF\PDF_diverse\DROIDunknowns\pdf_1_6\DROIDunknowns827680.pdf;V5\;Unknown,;not known,;7
D:\FileSuites\PDF\PDF_diverse\DROIDunknowns\pdf_1_6\DROIDunknowns827680.pdf;V50\;Unknown,;not known,;7
D:\FileSuites\PDF\PDF_diverse\DROIDunknowns\pdf_1_6\DROIDunknowns827680.pdf;V51\;Unknown,;not known,;7
D:\FileSuites\PDF\PDF_diverse\DROIDunknowns\pdf_1_6\DROIDunknowns827680.pdf;V52\;Unknown,;not known,;7
D:\FileSuites\PDF\PDF_diverse\DROIDunknowns\pdf_1_6\DROIDunknowns827680.pdf;V55\;Unknown,;not known,;7
D:\FileSuites\PDF\PDF_diverse\DROIDunknowns\pdf_1_6\DROIDunknowns827680.pdf;V58\;Unknown,;not known,;7
D:\FileSuites\PDF\PDF_diverse\DROIDunknowns\pdf_1_6\DROIDunknowns827680.pdf;V59\;Unknown,;not known,;7
D:\FileSuites\PDF\PDF_diverse\DROIDunknowns\pdf_1_6\DROIDunknowns827680.pdf;V6\;Unknown,;not known,;7
D:\FileSuites\PDF\PDF_diverse\DROIDunknowns\pdf_1_6\DROIDunknowns827680.pdf;V60\;Unknown,;not known,;7
D:\FileSuites\PDF\PDF_diverse\DROIDunknowns\pdf_1_6\DROIDunknowns827680.pdf;V61\;Unknown,;not known,;7
D:\FileSuites\PDF\PDF_diverse\DROIDunknowns\pdf_1_6\DROIDunknowns827680.pdf;V62\;Unknown,;not known,;7
D:\FileSuites\PDF\PDF_diverse\DROIDunknowns\pdf_1_6\DROIDunknowns827680.pdf;V63\;Unknown,;not known,;7
D:\FileSuites\PDF\PDF_diverse\DROIDunknowns\pdf_1_6\DROIDunknowns827680.pdf;V65\;Unknown,;not known,;7
D:\FileSuites\PDF\PDF_diverse\DROIDunknowns\pdf_1_6\DROIDunknowns827680.pdf;V66\;Unknown,;not known,;7
D:\FileSuites\PDF\PDF_diverse\DROIDunknowns\pdf_1_6\DROIDunknowns827680.pdf;V67\;Unknown,;not known,;7
D:\FileSuites\PDF\PDF_diverse\DROIDunknowns\pdf_1_6\DROIDunknowns827680.pdf;V68\;Unknown,;not known,;7
D:\FileSuites\PDF\PDF_diverse\DROIDunknowns\pdf_1_6\DROIDunknowns827680.pdf;V69\;Unknown,;not known,;7
D:\FileSuites\PDF\PDF_diverse\DROIDunknowns\pdf_1_6\DROIDunknowns827680.pdf;V7\;Unknown,;not known,;7
D:\FileSuites\PDF\PDF_diverse\DROIDunknowns\pdf_1_6\DROIDunknowns827680.pdf;V70\;Unknown,;not known,;7
D:\FileSuites\PDF\PDF_diverse\DROIDunknowns\pdf_1_6\DROIDunknowns827680.pdf;V72\;Unknown,;not known,;7
D:\FileSuites\PDF\PDF_diverse\DROIDunknowns\pdf_1_6\DROIDunknowns827680.pdf;V73\;Unknown,;not known,;7
D:\FileSuites\PDF\PDF_diverse\DROIDunknowns\pdf_1_6\DROIDunknowns827680.pdf;V74\;Unknown,;not known,;7
D:\FileSuites\PDF\PDF_diverse\DROIDunknowns\pdf_1_6\DROIDunknowns827680.pdf;V75\;fmt/20,;Acrobat PDF 1.6 - Portable Document Format,;7
D:\FileSuites\PDF\PDF_diverse\DROIDunknowns\pdf_1_6\DROIDunknowns827680.pdf;V77\;fmt/20,;Acrobat PDF 1.6 - Portable Document Format,;7
D:\FileSuites\PDF\PDF_diverse\DROIDunknowns\pdf_1_6\DROIDunknowns827680.pdf;V78\;fmt/20,;Acrobat PDF 1.6 - Portable Document Format,;7
D:\FileSuites\PDF\PDF_diverse\DROIDunknowns\pdf_1_6\DROIDunknowns827680.pdf;V79\;fmt/20,;Acrobat PDF 1.6 - Portable Document Format,;7
D:\FileSuites\PDF\PDF_diverse\DROIDunknowns\pdf_1_6\DROIDunknowns827680.pdf;V8\;Unknown,;not known,;7
D:\FileSuites\PDF\PDF_diverse\DROIDunknowns\pdf_1_6\DROIDunknowns827680.pdf;V81\;fmt/20,;Acrobat PDF 1.6 - Portable Document Format,;7
D:\FileSuites\PDF\PDF_diverse\DROIDunknowns\pdf_1_6\DROIDunknowns827680.pdf;V82\;fmt/20,;Acrobat PDF 1.6 - Portable Document Format,;7
D:\FileSuites\PDF\PDF_diverse\DROIDunknowns\pdf_1_6\DROIDunknowns827680.pdf;V83\;fmt/20,;Acrobat PDF 1.6 - Portable Document Format,;7
D:\FileSuites\PDF\PDF_diverse\DROIDunknowns\pdf_1_6\DROIDunknowns827680.pdf;V84\;fmt/20,;Acrobat PDF 1.6 - Portable Document Format,;7
D:\FileSuites\PDF\PDF_diverse\DROIDunknowns\pdf_1_6\DROIDunknowns827680.pdf;V85\;fmt/20,;Acrobat PDF 1.6 - Portable Document Format,;7
D:\FileSuites\PDF\PDF_diverse\DROIDunknowns\pdf_1_6\DROIDunknowns827680.pdf;V86\;fmt/20,;Acrobat PDF 1.6 - Portable Document Format,;7
D:\FileSuites\PDF\PDF_diverse\DROIDunknowns\pdf_1_6\DROIDunknowns827680.pdf;V88\;fmt/20,;Acrobat PDF 1.6 - Portable Document Format,;7
D:\FileSuites\PDF\PDF_diverse\DROIDunknowns\pdf_1_6\DROIDunknowns827680.pdf;V9\;Unknown,;not known,;7
D:\FileSuites\PDF\PDF_diverse\DROIDunknowns\pdf_1_6\DROIDunknowns827680.pdf;V90\;fmt/20,;Acrobat PDF 1.6 - Portable Document Format,;7
D:\FileSuites\PDF\PDF_diverse\DROIDunknowns\pdf_1_6\DROIDunknowns827680.pdf;V91\;fmt/20,;Acrobat PDF 1.6 - Portable Document Format,;7
D:\FileSuites\PDF\PDF_diverse\DROIDunknowns\pdf_1_6\DROIDunknowns827680.pdf;V92\;fmt/20,;Acrobat PDF 1.6 - Portable Document Format,;7
D:\FileSuites\PDF\PDF_diverse\DROIDunknowns\pdf_1_6\DROIDunknowns827680.pdf;V93\;fmt/20,;Acrobat PDF 1.6 - Portable Document Format,;7
D:\FileSuites\PDF\PDF_diverse\DROIDunknowns\pdf_1_6\DROIDunknowns827681.pdf;V1\;Unknown,;not known,;7
D:\FileSuites\PDF\PDF_diverse\DROIDunknowns\pdf_1_6\DROIDunknowns827681.pdf;V10\;Unknown,;not known,;7
D:\FileSuites\PDF\PDF_diverse\DROIDunknowns\pdf_1_6\DROIDunknowns827681.pdf;V11\;Unknown,;not known,;7
D:\FileSuites\PDF\PDF_diverse\DROIDunknowns\pdf_1_6\DROIDunknowns827681.pdf;V12\;Unknown,;not known,;7
D:\FileSuites\PDF\PDF_diverse\DROIDunknowns\pdf_1_6\DROIDunknowns827681.pdf;V13\;Unknown,;not known,;7
D:\FileSuites\PDF\PDF_diverse\DROIDunknowns\pdf_1_6\DROIDunknowns827681.pdf;V16\;fmt/20,;Acrobat PDF 1.6 - Portable Document Format,;7
D:\FileSuites\PDF\PDF_diverse\DROIDunknowns\pdf_1_6\DROIDunknowns827681.pdf;V17\;fmt/20,;Acrobat PDF 1.6 - Portable Document Format,;7
D:\FileSuites\PDF\PDF_diverse\DROIDunknowns\pdf_1_6\DROIDunknowns827681.pdf;V18\;fmt/20,;Acrobat PDF 1.6 - Portable Document Format,;7
D:\FileSuites\PDF\PDF_diverse\DROIDunknowns\pdf_1_6\DROIDunknowns827681.pdf;V19\;fmt/20,;Acrobat PDF 1.6 - Portable Document Format,;7
D:\FileSuites\PDF\PDF_diverse\DROIDunknowns\pdf_1_6\DROIDunknowns827681.pdf;V2\;Unknown,;not known,;7
D:\FileSuites\PDF\PDF_diverse\DROIDunknowns\pdf_1_6\DROIDunknowns827681.pdf;V20\;Unknown,;not known,;7
D:\FileSuites\PDF\PDF_diverse\DROIDunknowns\pdf_1_6\DROIDunknowns827681.pdf;V21\;fmt/20,;Acrobat PDF 1.6 - Portable Document Format,;7
D:\FileSuites\PDF\PDF_diverse\DROIDunknowns\pdf_1_6\DROIDunknowns827681.pdf;V22\;fmt/20,;Acrobat PDF 1.6 - Portable Document Format,;7
D:\FileSuites\PDF\PDF_diverse\DROIDunknowns\pdf_1_6\DROIDunknowns827681.pdf;V23\;fmt/20,;Acrobat PDF 1.6 - Portable Document Format,;7
D:\FileSuites\PDF\PDF_diverse\DROIDunknowns\pdf_1_6\DROIDunknowns827681.pdf;V24\;fmt/20,;Acrobat PDF 1.6 - Portable Document Format,;7
D:\FileSuites\PDF\PDF_diverse\DROIDunknowns\pdf_1_6\DROIDunknowns827681.pdf;V25\;fmt/20,;Acrobat PDF 1.6 - Portable Document Format,;7
D:\FileSuites\PDF\PDF_diverse\DROIDunknowns\pdf_1_6\DROIDunknowns827681.pdf;V26\;fmt/20,;Acrobat PDF 1.6 - Portable Document Format,;7
D:\FileSuites\PDF\PDF_diverse\DROIDunknowns\pdf_1_6\DROIDunknowns827681.pdf;V28\;fmt/20,;Acrobat PDF 1.6 - Portable Document Format,;7
D:\FileSuites\PDF\PDF_diverse\DROIDunknowns\pdf_1_6\DROIDunknowns827681.pdf;V29\;fmt/20,;Acrobat PDF 1.6 - Portable Document Format,;7
D:\FileSuites\PDF\PDF_diverse\DROIDunknowns\pdf_1_6\DROIDunknowns827681.pdf;V3\;Unknown,;not known,;7
D:\FileSuites\PDF\PDF_diverse\DROIDunknowns\pdf_1_6\DROIDunknowns827681.pdf;V31\;fmt/20,;Acrobat PDF 1.6 - Portable Document Format,;7
D:\FileSuites\PDF\PDF_diverse\DROIDunknowns\pdf_1_6\DROIDunknowns827681.pdf;V32\;fmt/20,;Acrobat PDF 1.6 - Portable Document Format,;7
D:\FileSuites\PDF\PDF_diverse\DROIDunknowns\pdf_1_6\DROIDunknowns827681.pdf;V33\;fmt/20,;Acrobat PDF 1.6 - Portable Document Format,;7
D:\FileSuites\PDF\PDF_diverse\DROIDunknowns\pdf_1_6\DROIDunknowns827681.pdf;V34\;fmt/20,;Acrobat PDF 1.6 - Portable Document Format,;7
D:\FileSuites\PDF\PDF_diverse\DROIDunknowns\pdf_1_6\DROIDunknowns827681.pdf;V35\;fmt/20,;Acrobat PDF 1.6 - Portable Document Format,;7
D:\FileSuites\PDF\PDF_diverse\DROIDunknowns\pdf_1_6\DROIDunknowns827681.pdf;V36\;fmt/20,;Acrobat PDF 1.6 - Portable Document Format,;7
D:\FileSuites\PDF\PDF_diverse\DROIDunknowns\pdf_1_6\DROIDunknowns827681.pdf;V37\;fmt/20,;Acrobat PDF 1.6 - Portable Document Format,;7
D:\FileSuites\PDF\PDF_diverse\DROIDunknowns\pdf_1_6\DROIDunknowns827681.pdf;V38\;Unknown,;not known,;7
D:\FileSuites\PDF\PDF_diverse\DROIDunknowns\pdf_1_6\DROIDunknowns827681.pdf;V39\;Unknown,;not known,;7
D:\FileSuites\PDF\PDF_diverse\DROIDunknowns\pdf_1_6\DROIDunknowns827681.pdf;V4\;Unknown,;not known,;7
D:\FileSuites\PDF\PDF_diverse\DROIDunknowns\pdf_1_6\DROIDunknowns827681.pdf;V40\;Unknown,;not known,;7
D:\FileSuites\PDF\PDF_diverse\DROIDunknowns\pdf_1_6\DROIDunknowns827681.pdf;V41\;Unknown,;not known,;7
D:\FileSuites\PDF\PDF_diverse\DROIDunknowns\pdf_1_6\DROIDunknowns827681.pdf;V42\;Unknown,;not known,;7
D:\FileSuites\PDF\PDF_diverse\DROIDunknowns\pdf_1_6\DROIDunknowns827681.pdf;V43\;Unknown,;not known,;7
D:\FileSuites\PDF\PDF_diverse\DROIDunknowns\pdf_1_6\DROIDunknowns827681.pdf;V44\;Unknown,;not known,;7
D:\FileSuites\PDF\PDF_diverse\DROIDunknowns\pdf_1_6\DROIDunknowns827681.pdf;V45\;Unknown,;not known,;7
D:\FileSuites\PDF\PDF_diverse\DROIDunknowns\pdf_1_6\DROIDunknowns827681.pdf;V46\;Unknown,;not known,;7
D:\FileSuites\PDF\PDF_diverse\DROIDunknowns\pdf_1_6\DROIDunknowns827681.pdf;V47\;Unknown,;not known,;7
D:\FileSuites\PDF\PDF_diverse\DROIDunknowns\pdf_1_6\DROIDunknowns827681.pdf;V48\;Unknown,;not known,;7
D:\FileSuites\PDF\PDF_diverse\DROIDunknowns\pdf_1_6\DROIDunknowns827681.pdf;V49\;Unknown,;not known,;7
D:\FileSuites\PDF\PDF_diverse\DROIDunknowns\pdf_1_6\DROIDunknowns827681.pdf;V5\;Unknown,;not known,;7
D:\FileSuites\PDF\PDF_diverse\DROIDunknowns\pdf_1_6\DROIDunknowns827681.pdf;V50\;Unknown,;not known,;7
D:\FileSuites\PDF\PDF_diverse\DROIDunknowns\pdf_1_6\DROIDunknowns827681.pdf;V51\;Unknown,;not known,;7
D:\FileSuites\PDF\PDF_diverse\DROIDunknowns\pdf_1_6\DROIDunknowns827681.pdf;V52\;Unknown,;not known,;7
D:\FileSuites\PDF\PDF_diverse\DROIDunknowns\pdf_1_6\DROIDunknowns827681.pdf;V55\;Unknown,;not known,;7
D:\FileSuites\PDF\PDF_diverse\DROIDunknowns\pdf_1_6\DROIDunknowns827681.pdf;V58\;Unknown,;not known,;7
D:\FileSuites\PDF\PDF_diverse\DROIDunknowns\pdf_1_6\DROIDunknowns827681.pdf;V59\;Unknown,;not known,;7
D:\FileSuites\PDF\PDF_diverse\DROIDunknowns\pdf_1_6\DROIDunknowns827681.pdf;V6\;Unknown,;not known,;7
D:\FileSuites\PDF\PDF_diverse\DROIDunknowns\pdf_1_6\DROIDunknowns827681.pdf;V60\;Unknown,;not known,;7
D:\FileSuites\PDF\PDF_diverse\DROIDunknowns\pdf_1_6\DROIDunknowns827681.pdf;V61\;Unknown,;not known,;7
D:\FileSuites\PDF\PDF_diverse\DROIDunknowns\pdf_1_6\DROIDunknowns827681.pdf;V62\;Unknown,;not known,;7
D:\FileSuites\PDF\PDF_diverse\DROIDunknowns\pdf_1_6\DROIDunknowns827681.pdf;V63\;Unknown,;not known,;7
D:\FileSuites\PDF\PDF_diverse\DROIDunknowns\pdf_1_6\DROIDunknowns827681.pdf;V65\;Unknown,;not known,;7
D:\FileSuites\PDF\PDF_diverse\DROIDunknowns\pdf_1_6\DROIDunknowns827681.pdf;V66\;Unknown,;not known,;7
D:\FileSuites\PDF\PDF_diverse\DROIDunknowns\pdf_1_6\DROIDunknowns827681.pdf;V67\;Unknown,;not known,;7
D:\FileSuites\PDF\PDF_diverse\DROIDunknowns\pdf_1_6\DROIDunknowns827681.pdf;V68\;Unknown,;not known,;7
D:\FileSuites\PDF\PDF_diverse\DROIDunknowns\pdf_1_6\DROIDunknowns827681.pdf;V69\;Unknown,;not known,;7
D:\FileSuites\PDF\PDF_diverse\DROIDunknowns\pdf_1_6\DROIDunknowns827681.pdf;V7\;Unknown,;not known,;7
D:\FileSuites\PDF\PDF_diverse\DROIDunknowns\pdf_1_6\DROIDunknowns827681.pdf;V70\;Unknown,;not known,;7
D:\FileSuites\PDF\PDF_diverse\DROIDunknowns\pdf_1_6\DROIDunknowns827681.pdf;V72\;Unknown,;not known,;7
D:\FileSuites\PDF\PDF_diverse\DROIDunknowns\pdf_1_6\DROIDunknowns827681.pdf;V73\;Unknown,;not known,;7
D:\FileSuites\PDF\PDF_diverse\DROIDunknowns\pdf_1_6\DROIDunknowns827681.pdf;V74\;Unknown,;not known,;7
D:\FileSuites\PDF\PDF_diverse\DROIDunknowns\pdf_1_6\DROIDunknowns827681.pdf;V75\;fmt/20,;Acrobat PDF 1.6 - Portable Document Format,;7
D:\FileSuites\PDF\PDF_diverse\DROIDunknowns\pdf_1_6\DROIDunknowns827681.pdf;V77\;fmt/20,;Acrobat PDF 1.6 - Portable Document Format,;7
D:\FileSuites\PDF\PDF_diverse\DROIDunknowns\pdf_1_6\DROIDunknowns827681.pdf;V78\;fmt/20,;Acrobat PDF 1.6 - Portable Document Format,;7
D:\FileSuites\PDF\PDF_diverse\DROIDunknowns\pdf_1_6\DROIDunknowns827681.pdf;V79\;fmt/20,;Acrobat PDF 1.6 - Portable Document Format,;7
D:\FileSuites\PDF\PDF_diverse\DROIDunknowns\pdf_1_6\DROIDunknowns827681.pdf;V8\;Unknown,;not known,;7
D:\FileSuites\PDF\PDF_diverse\DROIDunknowns\pdf_1_6\DROIDunknowns827681.pdf;V81\;fmt/20,;Acrobat PDF 1.6 - Portable Document Format,;7
D:\FileSuites\PDF\PDF_diverse\DROIDunknowns\pdf_1_6\DROIDunknowns827681.pdf;V82\;fmt/20,;Acrobat PDF 1.6 - Portable Document Format,;7
D:\FileSuites\PDF\PDF_diverse\DROIDunknowns\pdf_1_6\DROIDunknowns827681.pdf;V83\;fmt/20,;Acrobat PDF 1.6 - Portable Document Format,;7
D:\FileSuites\PDF\PDF_diverse\DROIDunknowns\pdf_1_6\DROIDunknowns827681.pdf;V84\;fmt/20,;Acrobat PDF 1.6 - Portable Document Format,;7
D:\FileSuites\PDF\PDF_diverse\DROIDunknowns\pdf_1_6\DROIDunknowns827681.pdf;V85\;fmt/20,;Acrobat PDF 1.6 - Portable Document Format,;7
D:\FileSuites\PDF\PDF_diverse\DROIDunknowns\pdf_1_6\DROIDunknowns827681.pdf;V86\;fmt/20,;Acrobat PDF 1.6 - Portable Document Format,;7
D:\FileSuites\PDF\PDF_diverse\DROIDunknowns\pdf_1_6\DROIDunknowns827681.pdf;V88\;fmt/20,;Acrobat PDF 1.6 - Portable Document Format,;7
D:\FileSuites\PDF\PDF_diverse\DROIDunknowns\pdf_1_6\DROIDunknowns827681.pdf;V9\;Unknown,;not known,;7
D:\FileSuites\PDF\PDF_diverse\DROIDunknowns\pdf_1_6\DROIDunknowns827681.pdf;V90\;fmt/20,;Acrobat PDF 1.6 - Portable Document Format,;7
D:\FileSuites\PDF\PDF_diverse\DROIDunknowns\pdf_1_6\DROIDunknowns827681.pdf;V91\;fmt/20,;Acrobat PDF 1.6 - Portable Document Format,;7
D:\FileSuites\PDF\PDF_diverse\DROIDunknowns\pdf_1_6\DROIDunknowns827681.pdf;V92\;fmt/20,;Acrobat PDF 1.6 - Portable Document Format,;7
D:\FileSuites\PDF\PDF_diverse\DROIDunknowns\pdf_1_6\DROIDunknowns827681.pdf;V93\;fmt/20,;Acrobat PDF 1.6 - Portable Document Format,;7
D:\FileSuites\PDF\PDF_diverse\DROIDunknowns\pdf_1_6\DROIDunknowns860581.pdf;V1\;Unknown,;not known,;7
D:\FileSuites\PDF\PDF_diverse\DROIDunknowns\pdf_1_6\DROIDunknowns860581.pdf;V10\;Unknown,;not known,;7
D:\FileSuites\PDF\PDF_diverse\DROIDunknowns\pdf_1_6\DROIDunknowns860581.pdf;V11\;Unknown,;not known,;7
D:\FileSuites\PDF\PDF_diverse\DROIDunknowns\pdf_1_6\DROIDunknowns860581.pdf;V12\;Unknown,;not known,;7
D:\FileSuites\PDF\PDF_diverse\DROIDunknowns\pdf_1_6\DROIDunknowns860581.pdf;V13\;Unknown,;not known,;7
D:\FileSuites\PDF\PDF_diverse\DROIDunknowns\pdf_1_6\DROIDunknowns860581.pdf;V16\;fmt/20,;Acrobat PDF 1.6 - Portable Document Format,;7
D:\FileSuites\PDF\PDF_diverse\DROIDunknowns\pdf_1_6\DROIDunknowns860581.pdf;V17\;fmt/20,;Acrobat PDF 1.6 - Portable Document Format,;7
D:\FileSuites\PDF\PDF_diverse\DROIDunknowns\pdf_1_6\DROIDunknowns860581.pdf;V18\;fmt/20,;Acrobat PDF 1.6 - Portable Document Format,;7
D:\FileSuites\PDF\PDF_diverse\DROIDunknowns\pdf_1_6\DROIDunknowns860581.pdf;V19\;fmt/20,;Acrobat PDF 1.6 - Portable Document Format,;7
D:\FileSuites\PDF\PDF_diverse\DROIDunknowns\pdf_1_6\DROIDunknowns860581.pdf;V2\;Unknown,;not known,;7
D:\FileSuites\PDF\PDF_diverse\DROIDunknowns\pdf_1_6\DROIDunknowns860581.pdf;V20\;Unknown,;not known,;7
D:\FileSuites\PDF\PDF_diverse\DROIDunknowns\pdf_1_6\DROIDunknowns860581.pdf;V21\;fmt/20,;Acrobat PDF 1.6 - Portable Document Format,;7
D:\FileSuites\PDF\PDF_diverse\DROIDunknowns\pdf_1_6\DROIDunknowns860581.pdf;V22\;fmt/20,;Acrobat PDF 1.6 - Portable Document Format,;7
D:\FileSuites\PDF\PDF_diverse\DROIDunknowns\pdf_1_6\DROIDunknowns860581.pdf;V23\;fmt/20,;Acrobat PDF 1.6 - Portable Document Format,;7
D:\FileSuites\PDF\PDF_diverse\DROIDunknowns\pdf_1_6\DROIDunknowns860581.pdf;V24\;fmt/20,;Acrobat PDF 1.6 - Portable Document Format,;7
D:\FileSuites\PDF\PDF_diverse\DROIDunknowns\pdf_1_6\DROIDunknowns860581.pdf;V25\;fmt/20,;Acrobat PDF 1.6 - Portable Document Format,;7
D:\FileSuites\PDF\PDF_diverse\DROIDunknowns\pdf_1_6\DROIDunknowns860581.pdf;V26\;fmt/20,;Acrobat PDF 1.6 - Portable Document Format,;7
D:\FileSuites\PDF\PDF_diverse\DROIDunknowns\pdf_1_6\DROIDunknowns860581.pdf;V28\;fmt/20,;Acrobat PDF 1.6 - Portable Document Format,;7
D:\FileSuites\PDF\PDF_diverse\DROIDunknowns\pdf_1_6\DROIDunknowns860581.pdf;V29\;fmt/20,;Acrobat PDF 1.6 - Portable Document Format,;7
D:\FileSuites\PDF\PDF_diverse\DROIDunknowns\pdf_1_6\DROIDunknowns860581.pdf;V3\;Unknown,;not known,;7
D:\FileSuites\PDF\PDF_diverse\DROIDunknowns\pdf_1_6\DROIDunknowns860581.pdf;V31\;fmt/20,;Acrobat PDF 1.6 - Portable Document Format,;7
D:\FileSuites\PDF\PDF_diverse\DROIDunknowns\pdf_1_6\DROIDunknowns860581.pdf;V32\;fmt/20,;Acrobat PDF 1.6 - Portable Document Format,;7
D:\FileSuites\PDF\PDF_diverse\DROIDunknowns\pdf_1_6\DROIDunknowns860581.pdf;V33\;fmt/20,;Acrobat PDF 1.6 - Portable Document Format,;7
D:\FileSuites\PDF\PDF_diverse\DROIDunknowns\pdf_1_6\DROIDunknowns860581.pdf;V34\;fmt/20,;Acrobat PDF 1.6 - Portable Document Format,;7
D:\FileSuites\PDF\PDF_diverse\DROIDunknowns\pdf_1_6\DROIDunknowns860581.pdf;V35\;fmt/20,;Acrobat PDF 1.6 - Portable Document Format,;7
D:\FileSuites\PDF\PDF_diverse\DROIDunknowns\pdf_1_6\DROIDunknowns860581.pdf;V36\;fmt/20,;Acrobat PDF 1.6 - Portable Document Format,;7
D:\FileSuites\PDF\PDF_diverse\DROIDunknowns\pdf_1_6\DROIDunknowns860581.pdf;V37\;fmt/20,;Acrobat PDF 1.6 - Portable Document Format,;7
D:\FileSuites\PDF\PDF_diverse\DROIDunknowns\pdf_1_6\DROIDunknowns860581.pdf;V38\;Unknown,;not known,;7
D:\FileSuites\PDF\PDF_diverse\DROIDunknowns\pdf_1_6\DROIDunknowns860581.pdf;V39\;Unknown,;not known,;7
D:\FileSuites\PDF\PDF_diverse\DROIDunknowns\pdf_1_6\DROIDunknowns860581.pdf;V4\;Unknown,;not known,;7
D:\FileSuites\PDF\PDF_diverse\DROIDunknowns\pdf_1_6\DROIDunknowns860581.pdf;V40\;Unknown,;not known,;7
D:\FileSuites\PDF\PDF_diverse\DROIDunknowns\pdf_1_6\DROIDunknowns860581.pdf;V41\;Unknown,;not known,;7
D:\FileSuites\PDF\PDF_diverse\DROIDunknowns\pdf_1_6\DROIDunknowns860581.pdf;V42\;Unknown,;not known,;7
D:\FileSuites\PDF\PDF_diverse\DROIDunknowns\pdf_1_6\DROIDunknowns860581.pdf;V43\;Unknown,;not known,;7
D:\FileSuites\PDF\PDF_diverse\DROIDunknowns\pdf_1_6\DROIDunknowns860581.pdf;V44\;Unknown,;not known,;7
D:\FileSuites\PDF\PDF_diverse\DROIDunknowns\pdf_1_6\DROIDunknowns860581.pdf;V45\;Unknown,;not known,;7
D:\FileSuites\PDF\PDF_diverse\DROIDunknowns\pdf_1_6\DROIDunknowns860581.pdf;V46\;Unknown,;not known,;7
D:\FileSuites\PDF\PDF_diverse\DROIDunknowns\pdf_1_6\DROIDunknowns860581.pdf;V47\;Unknown,;not known,;7
D:\FileSuites\PDF\PDF_diverse\DROIDunknowns\pdf_1_6\DROIDunknowns860581.pdf;V48\;Unknown,;not known,;7
D:\FileSuites\PDF\PDF_diverse\DROIDunknowns\pdf_1_6\DROIDunknowns860581.pdf;V49\;fmt/20,;Acrobat PDF 1.6 - Portable Document Format,;7
D:\FileSuites\PDF\PDF_diverse\DROIDunknowns\pdf_1_6\DROIDunknowns860581.pdf;V5\;Unknown,;not known,;7
D:\FileSuites\PDF\PDF_diverse\DROIDunknowns\pdf_1_6\DROIDunknowns860581.pdf;V50\;fmt/20,;Acrobat PDF 1.6 - Portable Document Format,;7
D:\FileSuites\PDF\PDF_diverse\DROIDunknowns\pdf_1_6\DROIDunknowns860581.pdf;V51\;fmt/20,;Acrobat PDF 1.6 - Portable Document Format,;7
D:\FileSuites\PDF\PDF_diverse\DROIDunknowns\pdf_1_6\DROIDunknowns860581.pdf;V52\;fmt/20,;Acrobat PDF 1.6 - Portable Document Format,;7
D:\FileSuites\PDF\PDF_diverse\DROIDunknowns\pdf_1_6\DROIDunknowns860581.pdf;V55\;fmt/20,;Acrobat PDF 1.6 - Portable Document Format,;7
D:\FileSuites\PDF\PDF_diverse\DROIDunknowns\pdf_1_6\DROIDunknowns860581.pdf;V58\;Unknown,;not known,;7
D:\FileSuites\PDF\PDF_diverse\DROIDunknowns\pdf_1_6\DROIDunknowns860581.pdf;V59\;Unknown,;not known,;7
D:\FileSuites\PDF\PDF_diverse\DROIDunknowns\pdf_1_6\DROIDunknowns860581.pdf;V6\;Unknown,;not known,;7
D:\FileSuites\PDF\PDF_diverse\DROIDunknowns\pdf_1_6\DROIDunknowns860581.pdf;V60\;fmt/20,;Acrobat PDF 1.6 - Portable Document Format,;7
D:\FileSuites\PDF\PDF_diverse\DROIDunknowns\pdf_1_6\DROIDunknowns860581.pdf;V61\;fmt/20,;Acrobat PDF 1.6 - Portable Document Format,;7
D:\FileSuites\PDF\PDF_diverse\DROIDunknowns\pdf_1_6\DROIDunknowns860581.pdf;V62\;fmt/20,;Acrobat PDF 1.6 - Portable Document Format,;7
D:\FileSuites\PDF\PDF_diverse\DROIDunknowns\pdf_1_6\DROIDunknowns860581.pdf;V63\;fmt/20,;Acrobat PDF 1.6 - Portable Document Format,;7
D:\FileSuites\PDF\PDF_diverse\DROIDunknowns\pdf_1_6\DROIDunknowns860581.pdf;V65\;fmt/20,;Acrobat PDF 1.6 - Portable Document Format,;7
D:\FileSuites\PDF\PDF_diverse\DROIDunknowns\pdf_1_6\DROIDunknowns860581.pdf;V66\;fmt/20,;Acrobat PDF 1.6 - Portable Document Format,;7
D:\FileSuites\PDF\PDF_diverse\DROIDunknowns\pdf_1_6\DROIDunknowns860581.pdf;V67\;fmt/20,;Acrobat PDF 1.6 - Portable Document Format,;7
D:\FileSuites\PDF\PDF_diverse\DROIDunknowns\pdf_1_6\DROIDunknowns860581.pdf;V68\;fmt/20,;Acrobat PDF 1.6 - Portable Document Format,;7
D:\FileSuites\PDF\PDF_diverse\DROIDunknowns\pdf_1_6\DROIDunknowns860581.pdf;V69\;fmt/20,;Acrobat PDF 1.6 - Portable Document Format,;7
D:\FileSuites\PDF\PDF_diverse\DROIDunknowns\pdf_1_6\DROIDunknowns860581.pdf;V7\;Unknown,;not known,;7
D:\FileSuites\PDF\PDF_diverse\DROIDunknowns\pdf_1_6\DROIDunknowns860581.pdf;V70\;fmt/20,;Acrobat PDF 1.6 - Portable Document Format,;7
D:\FileSuites\PDF\PDF_diverse\DROIDunknowns\pdf_1_6\DROIDunknowns860581.pdf;V72\;fmt/20,;Acrobat PDF 1.6 - Portable Document Format,;7
D:\FileSuites\PDF\PDF_diverse\DROIDunknowns\pdf_1_6\DROIDunknowns860581.pdf;V73\;fmt/20,;Acrobat PDF 1.6 - Portable Document Format,;7
D:\FileSuites\PDF\PDF_diverse\DROIDunknowns\pdf_1_6\DROIDunknowns860581.pdf;V74\;fmt/20,;Acrobat PDF 1.6 - Portable Document Format,;7
D:\FileSuites\PDF\PDF_diverse\DROIDunknowns\pdf_1_6\DROIDunknowns860581.pdf;V75\;fmt/20,;Acrobat PDF 1.6 - Portable Document Format,;7
D:\FileSuites\PDF\PDF_diverse\DROIDunknowns\pdf_1_6\DROIDunknowns860581.pdf;V77\;fmt/20,;Acrobat PDF 1.6 - Portable Document Format,;7
D:\FileSuites\PDF\PDF_diverse\DROIDunknowns\pdf_1_6\DROIDunknowns860581.pdf;V78\;fmt/20,;Acrobat PDF 1.6 - Portable Document Format,;7
D:\FileSuites\PDF\PDF_diverse\DROIDunknowns\pdf_1_6\DROIDunknowns860581.pdf;V79\;fmt/20,;Acrobat PDF 1.6 - Portable Document Format,;7
D:\FileSuites\PDF\PDF_diverse\DROIDunknowns\pdf_1_6\DROIDunknowns860581.pdf;V8\;Unknown,;not known,;7
D:\FileSuites\PDF\PDF_diverse\DROIDunknowns\pdf_1_6\DROIDunknowns860581.pdf;V81\;fmt/20,;Acrobat PDF 1.6 - Portable Document Format,;7
D:\FileSuites\PDF\PDF_diverse\DROIDunknowns\pdf_1_6\DROIDunknowns860581.pdf;V82\;fmt/20,;Acrobat PDF 1.6 - Portable Document Format,;7
D:\FileSuites\PDF\PDF_diverse\DROIDunknowns\pdf_1_6\DROIDunknowns860581.pdf;V83\;fmt/20,;Acrobat PDF 1.6 - Portable Document Format,;7
D:\FileSuites\PDF\PDF_diverse\DROIDunknowns\pdf_1_6\DROIDunknowns860581.pdf;V84\;fmt/20,;Acrobat PDF 1.6 - Portable Document Format,;7
D:\FileSuites\PDF\PDF_diverse\DROIDunknowns\pdf_1_6\DROIDunknowns860581.pdf;V85\;fmt/20,;Acrobat PDF 1.6 - Portable Document Format,;7
D:\FileSuites\PDF\PDF_diverse\DROIDunknowns\pdf_1_6\DROIDunknowns860581.pdf;V86\;fmt/20,;Acrobat PDF 1.6 - Portable Document Format,;7
D:\FileSuites\PDF\PDF_diverse\DROIDunknowns\pdf_1_6\DROIDunknowns860581.pdf;V88\;fmt/20,;Acrobat PDF 1.6 - Portable Document Format,;7
D:\FileSuites\PDF\PDF_diverse\DROIDunknowns\pdf_1_6\DROIDunknowns860581.pdf;V9\;Unknown,;not known,;7
D:\FileSuites\PDF\PDF_diverse\DROIDunknowns\pdf_1_6\DROIDunknowns860581.pdf;V90\;fmt/20,;Acrobat PDF 1.6 - Portable Document Format,;7
D:\FileSuites\PDF\PDF_diverse\DROIDunknowns\pdf_1_6\DROIDunknowns860581.pdf;V91\;fmt/20,;Acrobat PDF 1.6 - Portable Document Format,;7
D:\FileSuites\PDF\PDF_diverse\DROIDunknowns\pdf_1_6\DROIDunknowns860581.pdf;V92\;fmt/20,;Acrobat PDF 1.6 - Portable Document Format,;7
D:\FileSuites\PDF\PDF_diverse\DROIDunknowns\pdf_1_6\DROIDunknowns860581.pdf;V93\;fmt/20,;Acrobat PDF 1.6 - Portable Document Format,;7
D:\FileSuites\PDF\PDF_diverse\DROIDunknowns\pdf_1_6\DROIDunknowns965685.pdf;V1\;Unknown,;not known,;7
D:\FileSuites\PDF\PDF_diverse\DROIDunknowns\pdf_1_6\DROIDunknowns965685.pdf;V10\;Unknown,;not known,;7
D:\FileSuites\PDF\PDF_diverse\DROIDunknowns\pdf_1_6\DROIDunknowns965685.pdf;V11\;Unknown,;not known,;7
D:\FileSuites\PDF\PDF_diverse\DROIDunknowns\pdf_1_6\DROIDunknowns965685.pdf;V12\;Unknown,;not known,;7
D:\FileSuites\PDF\PDF_diverse\DROIDunknowns\pdf_1_6\DROIDunknowns965685.pdf;V13\;Unknown,;not known,;7
D:\FileSuites\PDF\PDF_diverse\DROIDunknowns\pdf_1_6\DROIDunknowns965685.pdf;V16\;fmt/20,;Acrobat PDF 1.6 - Portable Document Format,;7
D:\FileSuites\PDF\PDF_diverse\DROIDunknowns\pdf_1_6\DROIDunknowns965685.pdf;V17\;fmt/20,;Acrobat PDF 1.6 - Portable Document Format,;7
D:\FileSuites\PDF\PDF_diverse\DROIDunknowns\pdf_1_6\DROIDunknowns965685.pdf;V18\;fmt/20,;Acrobat PDF 1.6 - Portable Document Format,;7
D:\FileSuites\PDF\PDF_diverse\DROIDunknowns\pdf_1_6\DROIDunknowns965685.pdf;V19\;fmt/20,;Acrobat PDF 1.6 - Portable Document Format,;7
D:\FileSuites\PDF\PDF_diverse\DROIDunknowns\pdf_1_6\DROIDunknowns965685.pdf;V2\;Unknown,;not known,;7
D:\FileSuites\PDF\PDF_diverse\DROIDunknowns\pdf_1_6\DROIDunknowns965685.pdf;V20\;Unknown,;not known,;7
D:\FileSuites\PDF\PDF_diverse\DROIDunknowns\pdf_1_6\DROIDunknowns965685.pdf;V21\;fmt/20,;Acrobat PDF 1.6 - Portable Document Format,;7
D:\FileSuites\PDF\PDF_diverse\DROIDunknowns\pdf_1_6\DROIDunknowns965685.pdf;V22\;fmt/20,;Acrobat PDF 1.6 - Portable Document Format,;7
D:\FileSuites\PDF\PDF_diverse\DROIDunknowns\pdf_1_6\DROIDunknowns965685.pdf;V23\;fmt/20,;Acrobat PDF 1.6 - Portable Document Format,;7
D:\FileSuites\PDF\PDF_diverse\DROIDunknowns\pdf_1_6\DROIDunknowns965685.pdf;V24\;fmt/20,;Acrobat PDF 1.6 - Portable Document Format,;7
D:\FileSuites\PDF\PDF_diverse\DROIDunknowns\pdf_1_6\DROIDunknowns965685.pdf;V25\;fmt/20,;Acrobat PDF 1.6 - Portable Document Format,;7
D:\FileSuites\PDF\PDF_diverse\DROIDunknowns\pdf_1_6\DROIDunknowns965685.pdf;V26\;fmt/20,;Acrobat PDF 1.6 - Portable Document Format,;7
D:\FileSuites\PDF\PDF_diverse\DROIDunknowns\pdf_1_6\DROIDunknowns965685.pdf;V28\;fmt/20,;Acrobat PDF 1.6 - Portable Document Format,;7
D:\FileSuites\PDF\PDF_diverse\DROIDunknowns\pdf_1_6\DROIDunknowns965685.pdf;V29\;fmt/20,;Acrobat PDF 1.6 - Portable Document Format,;7
D:\FileSuites\PDF\PDF_diverse\DROIDunknowns\pdf_1_6\DROIDunknowns965685.pdf;V3\;Unknown,;not known,;7
D:\FileSuites\PDF\PDF_diverse\DROIDunknowns\pdf_1_6\DROIDunknowns965685.pdf;V31\;fmt/20,;Acrobat PDF 1.6 - Portable Document Format,;7
D:\FileSuites\PDF\PDF_diverse\DROIDunknowns\pdf_1_6\DROIDunknowns965685.pdf;V32\;fmt/20,;Acrobat PDF 1.6 - Portable Document Format,;7
D:\FileSuites\PDF\PDF_diverse\DROIDunknowns\pdf_1_6\DROIDunknowns965685.pdf;V33\;fmt/20,;Acrobat PDF 1.6 - Portable Document Format,;7
D:\FileSuites\PDF\PDF_diverse\DROIDunknowns\pdf_1_6\DROIDunknowns965685.pdf;V34\;fmt/20,;Acrobat PDF 1.6 - Portable Document Format,;7
D:\FileSuites\PDF\PDF_diverse\DROIDunknowns\pdf_1_6\DROIDunknowns965685.pdf;V35\;fmt/20,;Acrobat PDF 1.6 - Portable Document Format,;7
D:\FileSuites\PDF\PDF_diverse\DROIDunknowns\pdf_1_6\DROIDunknowns965685.pdf;V36\;fmt/20,;Acrobat PDF 1.6 - Portable Document Format,;7
D:\FileSuites\PDF\PDF_diverse\DROIDunknowns\pdf_1_6\DROIDunknowns965685.pdf;V37\;fmt/20,;Acrobat PDF 1.6 - Portable Document Format,;7
D:\FileSuites\PDF\PDF_diverse\DROIDunknowns\pdf_1_6\DROIDunknowns965685.pdf;V38\;Unknown,;not known,;7
D:\FileSuites\PDF\PDF_diverse\DROIDunknowns\pdf_1_6\DROIDunknowns965685.pdf;V39\;Unknown,;not known,;7
D:\FileSuites\PDF\PDF_diverse\DROIDunknowns\pdf_1_6\DROIDunknowns965685.pdf;V4\;Unknown,;not known,;7
D:\FileSuites\PDF\PDF_diverse\DROIDunknowns\pdf_1_6\DROIDunknowns965685.pdf;V40\;Unknown,;not known,;7
D:\FileSuites\PDF\PDF_diverse\DROIDunknowns\pdf_1_6\DROIDunknowns965685.pdf;V41\;Unknown,;not known,;7
D:\FileSuites\PDF\PDF_diverse\DROIDunknowns\pdf_1_6\DROIDunknowns965685.pdf;V42\;Unknown,;not known,;7
D:\FileSuites\PDF\PDF_diverse\DROIDunknowns\pdf_1_6\DROIDunknowns965685.pdf;V43\;Unknown,;not known,;7
D:\FileSuites\PDF\PDF_diverse\DROIDunknowns\pdf_1_6\DROIDunknowns965685.pdf;V44\;Unknown,;not known,;7
D:\FileSuites\PDF\PDF_diverse\DROIDunknowns\pdf_1_6\DROIDunknowns965685.pdf;V45\;Unknown,;not known,;7
D:\FileSuites\PDF\PDF_diverse\DROIDunknowns\pdf_1_6\DROIDunknowns965685.pdf;V46\;Unknown,;not known,;7
D:\FileSuites\PDF\PDF_diverse\DROIDunknowns\pdf_1_6\DROIDunknowns965685.pdf;V47\;Unknown,;not known,;7
D:\FileSuites\PDF\PDF_diverse\DROIDunknowns\pdf_1_6\DROIDunknowns965685.pdf;V48\;Unknown,;not known,;7
D:\FileSuites\PDF\PDF_diverse\DROIDunknowns\pdf_1_6\DROIDunknowns965685.pdf;V49\;Unknown,;not known,;7
D:\FileSuites\PDF\PDF_diverse\DROIDunknowns\pdf_1_6\DROIDunknowns965685.pdf;V5\;Unknown,;not known,;7
D:\FileSuites\PDF\PDF_diverse\DROIDunknowns\pdf_1_6\DROIDunknowns965685.pdf;V50\;Unknown,;not known,;7
D:\FileSuites\PDF\PDF_diverse\DROIDunknowns\pdf_1_6\DROIDunknowns965685.pdf;V51\;Unknown,;not known,;7
D:\FileSuites\PDF\PDF_diverse\DROIDunknowns\pdf_1_6\DROIDunknowns965685.pdf;V52\;Unknown,;not known,;7
D:\FileSuites\PDF\PDF_diverse\DROIDunknowns\pdf_1_6\DROIDunknowns965685.pdf;V55\;Unknown,;not known,;7
D:\FileSuites\PDF\PDF_diverse\DROIDunknowns\pdf_1_6\DROIDunknowns965685.pdf;V58\;Unknown,;not known,;7
D:\FileSuites\PDF\PDF_diverse\DROIDunknowns\pdf_1_6\DROIDunknowns965685.pdf;V59\;Unknown,;not known,;7
D:\FileSuites\PDF\PDF_diverse\DROIDunknowns\pdf_1_6\DROIDunknowns965685.pdf;V6\;Unknown,;not known,;7
D:\FileSuites\PDF\PDF_diverse\DROIDunknowns\pdf_1_6\DROIDunknowns965685.pdf;V60\;Unknown,;not known,;7
D:\FileSuites\PDF\PDF_diverse\DROIDunknowns\pdf_1_6\DROIDunknowns965685.pdf;V61\;Unknown,;not known,;7
D:\FileSuites\PDF\PDF_diverse\DROIDunknowns\pdf_1_6\DROIDunknowns965685.pdf;V62\;Unknown,;not known,;7
D:\FileSuites\PDF\PDF_diverse\DROIDunknowns\pdf_1_6\DROIDunknowns965685.pdf;V63\;Unknown,;not known,;7
D:\FileSuites\PDF\PDF_diverse\DROIDunknowns\pdf_1_6\DROIDunknowns965685.pdf;V65\;Unknown,;not known,;7
D:\FileSuites\PDF\PDF_diverse\DROIDunknowns\pdf_1_6\DROIDunknowns965685.pdf;V66\;Unknown,;not known,;7
D:\FileSuites\PDF\PDF_diverse\DROIDunknowns\pdf_1_6\DROIDunknowns965685.pdf;V67\;Unknown,;not known,;7
D:\FileSuites\PDF\PDF_diverse\DROIDunknowns\pdf_1_6\DROIDunknowns965685.pdf;V68\;Unknown,;not known,;7
D:\FileSuites\PDF\PDF_diverse\DROIDunknowns\pdf_1_6\DROIDunknowns965685.pdf;V69\;Unknown,;not known,;7
D:\FileSuites\PDF\PDF_diverse\DROIDunknowns\pdf_1_6\DROIDunknowns965685.pdf;V7\;Unknown,;not known,;7
D:\FileSuites\PDF\PDF_diverse\DROIDunknowns\pdf_1_6\DROIDunknowns965685.pdf;V70\;Unknown,;not known,;7
D:\FileSuites\PDF\PDF_diverse\DROIDunknowns\pdf_1_6\DROIDunknowns965685.pdf;V72\;Unknown,;not known,;7
D:\FileSuites\PDF\PDF_diverse\DROIDunknowns\pdf_1_6\DROIDunknowns965685.pdf;V73\;Unknown,;not known,;7
D:\FileSuites\PDF\PDF_diverse\DROIDunknowns\pdf_1_6\DROIDunknowns965685.pdf;V74\;Unknown,;not known,;7
D:\FileSuites\PDF\PDF_diverse\DROIDunknowns\pdf_1_6\DROIDunknowns965685.pdf;V75\;fmt/20,;Acrobat PDF 1.6 - Portable Document Format,;7
D:\FileSuites\PDF\PDF_diverse\DROIDunknowns\pdf_1_6\DROIDunknowns965685.pdf;V77\;fmt/20,;Acrobat PDF 1.6 - Portable Document Format,;7
D:\FileSuites\PDF\PDF_diverse\DROIDunknowns\pdf_1_6\DROIDunknowns965685.pdf;V78\;fmt/20,;Acrobat PDF 1.6 - Portable Document Format,;7
D:\FileSuites\PDF\PDF_diverse\DROIDunknowns\pdf_1_6\DROIDunknowns965685.pdf;V79\;fmt/20,;Acrobat PDF 1.6 - Portable Document Format,;7
D:\FileSuites\PDF\PDF_diverse\DROIDunknowns\pdf_1_6\DROIDunknowns965685.pdf;V8\;Unknown,;not known,;7
D:\FileSuites\PDF\PDF_diverse\DROIDunknowns\pdf_1_6\DROIDunknowns965685.pdf;V81\;fmt/20,;Acrobat PDF 1.6 - Portable Document Format,;7
D:\FileSuites\PDF\PDF_diverse\DROIDunknowns\pdf_1_6\DROIDunknowns965685.pdf;V82\;fmt/20,;Acrobat PDF 1.6 - Portable Document Format,;7
D:\FileSuites\PDF\PDF_diverse\DROIDunknowns\pdf_1_6\DROIDunknowns965685.pdf;V83\;fmt/20,;Acrobat PDF 1.6 - Portable Document Format,;7
D:\FileSuites\PDF\PDF_diverse\DROIDunknowns\pdf_1_6\DROIDunknowns965685.pdf;V84\;fmt/20,;Acrobat PDF 1.6 - Portable Document Format,;7
D:\FileSuites\PDF\PDF_diverse\DROIDunknowns\pdf_1_6\DROIDunknowns965685.pdf;V85\;fmt/20,;Acrobat PDF 1.6 - Portable Document Format,;7
D:\FileSuites\PDF\PDF_diverse\DROIDunknowns\pdf_1_6\DROIDunknowns965685.pdf;V86\;fmt/20,;Acrobat PDF 1.6 - Portable Document Format,;7
D:\FileSuites\PDF\PDF_diverse\DROIDunknowns\pdf_1_6\DROIDunknowns965685.pdf;V88\;fmt/20,;Acrobat PDF 1.6 - Portable Document Format,;7
D:\FileSuites\PDF\PDF_diverse\DROIDunknowns\pdf_1_6\DROIDunknowns965685.pdf;V9\;Unknown,;not known,;7
D:\FileSuites\PDF\PDF_diverse\DROIDunknowns\pdf_1_6\DROIDunknowns965685.pdf;V90\;fmt/20,;Acrobat PDF 1.6 - Portable Document Format,;7
D:\FileSuites\PDF\PDF_diverse\DROIDunknowns\pdf_1_6\DROIDunknowns965685.pdf;V91\;fmt/20,;Acrobat PDF 1.6 - Portable Document Format,;7
D:\FileSuites\PDF\PDF_diverse\DROIDunknowns\pdf_1_6\DROIDunknowns965685.pdf;V92\;fmt/20,;Acrobat PDF 1.6 - Portable Document Format,;7
D:\FileSuites\PDF\PDF_diverse\DROIDunknowns\pdf_1_6\DROIDunknowns965685.pdf;V93\;fmt/20,;Acrobat PDF 1.6 - Portable Document Format,;7
