Filename;SignatureFileVersion;PUID;puidName;LogLines
PDFA_2_b_50505759X.pdf;V1\;Unknown,;not known,;7
PDFA_2_b_50505759X.pdf;V10\;fmt/18,;Acrobat PDF 1.4 - Portable Document Format,;7
PDFA_2_b_50505759X.pdf;V11\;fmt/18,;Acrobat PDF 1.4 - Portable Document Format,;7
PDFA_2_b_50505759X.pdf;V12\;fmt/18,;Acrobat PDF 1.4 - Portable Document Format,;7
PDFA_2_b_50505759X.pdf;V13\;fmt/18,;Acrobat PDF 1.4 - Portable Document Format,;7
PDFA_2_b_50505759X.pdf;V16\;fmt/18,;Acrobat PDF 1.4 - Portable Document Format,;7
PDFA_2_b_50505759X.pdf;V17\;;;6
PDFA_2_b_50505759X.pdf;V18\;fmt/18,;Acrobat PDF 1.4 - Portable Document Format,;7
PDFA_2_b_50505759X.pdf;V19\;fmt/18,;Acrobat PDF 1.4 - Portable Document Format,;7
PDFA_2_b_50505759X.pdf;V2\;Not yet assigned,;not known,;7
PDFA_2_b_50505759X.pdf;V20\;fmt/18,;Acrobat PDF 1.4 - Portable Document Format,;7
PDFA_2_b_50505759X.pdf;V21\;fmt/18,;Acrobat PDF 1.4 - Portable Document Format,;7
PDFA_2_b_50505759X.pdf;V22\;fmt/18,fmt/95,;Acrobat PDF 1.4 - Portable Document Format,Acrobat PDF/A - Portable Document Format,;8
PDFA_2_b_50505759X.pdf;V23\;fmt/18,fmt/95,;Acrobat PDF 1.4 - Portable Document Format,Acrobat PDF/A - Portable Document Format,;8
PDFA_2_b_50505759X.pdf;V24\;fmt/18,fmt/95,;Acrobat PDF 1.4 - Portable Document Format,Acrobat PDF/A - Portable Document Format,;8
PDFA_2_b_50505759X.pdf;V25\;fmt/18,fmt/95,;Acrobat PDF 1.4 - Portable Document Format,Acrobat PDF/A - Portable Document Format,;8
PDFA_2_b_50505759X.pdf;V26\;fmt/18,fmt/95,;Acrobat PDF 1.4 - Portable Document Format,Acrobat PDF/A - Portable Document Format,;8
PDFA_2_b_50505759X.pdf;V28\;fmt/18,fmt/95,;Acrobat PDF 1.4 - Portable Document Format,Acrobat PDF/A - Portable Document Format,;8
PDFA_2_b_50505759X.pdf;V29\;fmt/18,fmt/95,;Acrobat PDF 1.4 - Portable Document Format,Acrobat PDF/A - Portable Document Format,;8
PDFA_2_b_50505759X.pdf;V3\;Not yet assigned,;not known,;7
PDFA_2_b_50505759X.pdf;V31\;fmt/18,fmt/95,;Acrobat PDF 1.4 - Portable Document Format,Acrobat PDF/A - Portable Document Format,;8
PDFA_2_b_50505759X.pdf;V32\;fmt/18,fmt/95,;Acrobat PDF 1.4 - Portable Document Format,Acrobat PDF/A - Portable Document Format,;8
PDFA_2_b_50505759X.pdf;V33\;fmt/18,fmt/95,;Acrobat PDF 1.4 - Portable Document Format,Acrobat PDF/A - Portable Document Format,;8
PDFA_2_b_50505759X.pdf;V34\;fmt/18,fmt/95,;Acrobat PDF 1.4 - Portable Document Format,Acrobat PDF/A - Portable Document Format,;8
PDFA_2_b_50505759X.pdf;V35\;fmt/18,fmt/95,;Acrobat PDF 1.4 - Portable Document Format,Acrobat PDF/A - Portable Document Format,;8
PDFA_2_b_50505759X.pdf;V36\;fmt/18,fmt/95,;Acrobat PDF 1.4 - Portable Document Format,Acrobat PDF/A - Portable Document Format,;8
PDFA_2_b_50505759X.pdf;V37\;fmt/18,fmt/95,;Acrobat PDF 1.4 - Portable Document Format,Acrobat PDF/A - Portable Document Format,;8
PDFA_2_b_50505759X.pdf;V38\;fmt/95,;Acrobat PDF/A - Portable Document Format,;7
PDFA_2_b_50505759X.pdf;V39\;fmt/95,;Acrobat PDF/A - Portable Document Format,;7
PDFA_2_b_50505759X.pdf;V4\;Not yet assigned,;not known,;7
PDFA_2_b_50505759X.pdf;V40\;fmt/95,;Acrobat PDF/A - Portable Document Format,;7
PDFA_2_b_50505759X.pdf;V41\;fmt/95,;Acrobat PDF/A - Portable Document Format,;7
PDFA_2_b_50505759X.pdf;V42\;fmt/95,;Acrobat PDF/A - Portable Document Format,;7
PDFA_2_b_50505759X.pdf;V43\;fmt/95,;Acrobat PDF/A - Portable Document Format,;7
PDFA_2_b_50505759X.pdf;V44\;fmt/95,;Acrobat PDF/A - Portable Document Format,;7
PDFA_2_b_50505759X.pdf;V45\;fmt/95,;Acrobat PDF/A - Portable Document Format,;7
PDFA_2_b_50505759X.pdf;V46\;fmt/95,;Acrobat PDF/A - Portable Document Format,;7
PDFA_2_b_50505759X.pdf;V47\;fmt/95,;Acrobat PDF/A - Portable Document Format,;7
PDFA_2_b_50505759X.pdf;V48\;fmt/95,;Acrobat PDF/A - Portable Document Format,;7
PDFA_2_b_50505759X.pdf;V49\;fmt/95,;Acrobat PDF/A - Portable Document Format,;7
PDFA_2_b_50505759X.pdf;V5\;fmt/18,;Acrobat PDF 1.4 - Portable Document Format,;7
PDFA_2_b_50505759X.pdf;V50\;fmt/95,;Acrobat PDF/A - Portable Document Format,;7
PDFA_2_b_50505759X.pdf;V51\;fmt/18,;Acrobat PDF 1.4 - Portable Document Format,;7
PDFA_2_b_50505759X.pdf;V52\;fmt/18,;Acrobat PDF 1.4 - Portable Document Format,;7
PDFA_2_b_50505759X.pdf;V55\;fmt/18,;Acrobat PDF 1.4 - Portable Document Format,;7
PDFA_2_b_50505759X.pdf;V58\;fmt/18,;Acrobat PDF 1.4 - Portable Document Format,;7
PDFA_2_b_50505759X.pdf;V59\;fmt/18,;Acrobat PDF 1.4 - Portable Document Format,;7
PDFA_2_b_50505759X.pdf;V6\;fmt/18,;Acrobat PDF 1.4 - Portable Document Format,;7
PDFA_2_b_50505759X.pdf;V60\;fmt/18,;Acrobat PDF 1.4 - Portable Document Format,;7
PDFA_2_b_50505759X.pdf;V61\;fmt/18,;Acrobat PDF 1.4 - Portable Document Format,;7
PDFA_2_b_50505759X.pdf;V62\;fmt/18,;Acrobat PDF 1.4 - Portable Document Format,;7
PDFA_2_b_50505759X.pdf;V63\;fmt/18,;Acrobat PDF 1.4 - Portable Document Format,;7
PDFA_2_b_50505759X.pdf;V65\;fmt/477,;Acrobat PDF/A - Portable Document Format,;7
PDFA_2_b_50505759X.pdf;V66\;fmt/477,;Acrobat PDF/A - Portable Document Format,;7
PDFA_2_b_50505759X.pdf;V67\;fmt/477,;Acrobat PDF/A - Portable Document Format,;7
PDFA_2_b_50505759X.pdf;V68\;fmt/477,;Acrobat PDF/A - Portable Document Format,;7
PDFA_2_b_50505759X.pdf;V69\;fmt/477,;Acrobat PDF/A - Portable Document Format,;7
PDFA_2_b_50505759X.pdf;V7\;fmt/18,;Acrobat PDF 1.4 - Portable Document Format,;7
PDFA_2_b_50505759X.pdf;V70\;fmt/477,;Acrobat PDF/A - Portable Document Format,;7
PDFA_2_b_50505759X.pdf;V72\;fmt/477,;Acrobat PDF/A - Portable Document Format,;7
PDFA_2_b_50505759X.pdf;V73\;fmt/477,;Acrobat PDF/A - Portable Document Format,;7
PDFA_2_b_50505759X.pdf;V74\;fmt/477,;Acrobat PDF/A - Portable Document Format,;7
PDFA_2_b_50505759X.pdf;V75\;fmt/477,;Acrobat PDF/A - Portable Document Format,;7
PDFA_2_b_50505759X.pdf;V77\;fmt/477,;Acrobat PDF/A - Portable Document Format,;7
PDFA_2_b_50505759X.pdf;V78\;fmt/477,;Acrobat PDF/A - Portable Document Format,;7
PDFA_2_b_50505759X.pdf;V79\;fmt/477,;Acrobat PDF/A - Portable Document Format,;7
PDFA_2_b_50505759X.pdf;V8\;fmt/18,;Acrobat PDF 1.4 - Portable Document Format,;7
PDFA_2_b_50505759X.pdf;V81\;fmt/477,;Acrobat PDF/A - Portable Document Format,;7
PDFA_2_b_50505759X.pdf;V82\;fmt/477,;Acrobat PDF/A - Portable Document Format,;7
PDFA_2_b_50505759X.pdf;V83\;fmt/477,;Acrobat PDF/A - Portable Document Format,;7
PDFA_2_b_50505759X.pdf;V84\;fmt/477,;Acrobat PDF/A - Portable Document Format,;7
PDFA_2_b_50505759X.pdf;V85\;fmt/477,;Acrobat PDF/A - Portable Document Format,;7
PDFA_2_b_50505759X.pdf;V86\;fmt/477,;Acrobat PDF/A - Portable Document Format,;7
PDFA_2_b_50505759X.pdf;V88\;fmt/477,;Acrobat PDF/A - Portable Document Format,;7
PDFA_2_b_50505759X.pdf;V9\;fmt/18,;Acrobat PDF 1.4 - Portable Document Format,;7
PDFA_2_b_50505759X.pdf;V90\;fmt/477,;Acrobat PDF/A - Portable Document Format,;7
PDFA_2_b_50505759X.pdf;V91\;fmt/477,;Acrobat PDF/A - Portable Document Format,;7
PDFA_2_b_50505759X.pdf;V92\;fmt/477,;Acrobat PDF/A - Portable Document Format,;7
PDFA_2_b_50505759X.pdf;V93\;fmt/477,;Acrobat PDF/A - Portable Document Format,;7
PDFA_2_b_50506491X.pdf;V1\;Unknown,;not known,;7
PDFA_2_b_50506491X.pdf;V10\;fmt/19,;Acrobat PDF 1.5 - Portable Document Format,;7
PDFA_2_b_50506491X.pdf;V11\;fmt/19,;Acrobat PDF 1.5 - Portable Document Format,;7
PDFA_2_b_50506491X.pdf;V12\;fmt/19,;Acrobat PDF 1.5 - Portable Document Format,;7
PDFA_2_b_50506491X.pdf;V13\;fmt/19,;Acrobat PDF 1.5 - Portable Document Format,;7
PDFA_2_b_50506491X.pdf;V16\;fmt/19,;Acrobat PDF 1.5 - Portable Document Format,;7
PDFA_2_b_50506491X.pdf;V17\;;;6
PDFA_2_b_50506491X.pdf;V18\;fmt/19,;Acrobat PDF 1.5 - Portable Document Format,;7
PDFA_2_b_50506491X.pdf;V19\;fmt/19,;Acrobat PDF 1.5 - Portable Document Format,;7
PDFA_2_b_50506491X.pdf;V2\;Not yet assigned,;not known,;7
PDFA_2_b_50506491X.pdf;V20\;fmt/19,;Acrobat PDF 1.5 - Portable Document Format,;7
PDFA_2_b_50506491X.pdf;V21\;fmt/19,;Acrobat PDF 1.5 - Portable Document Format,;7
PDFA_2_b_50506491X.pdf;V22\;fmt/19,;Acrobat PDF 1.5 - Portable Document Format,;7
PDFA_2_b_50506491X.pdf;V23\;fmt/19,;Acrobat PDF 1.5 - Portable Document Format,;7
PDFA_2_b_50506491X.pdf;V24\;fmt/19,;Acrobat PDF 1.5 - Portable Document Format,;7
PDFA_2_b_50506491X.pdf;V25\;fmt/19,;Acrobat PDF 1.5 - Portable Document Format,;7
PDFA_2_b_50506491X.pdf;V26\;fmt/19,;Acrobat PDF 1.5 - Portable Document Format,;7
PDFA_2_b_50506491X.pdf;V28\;fmt/19,;Acrobat PDF 1.5 - Portable Document Format,;7
PDFA_2_b_50506491X.pdf;V29\;fmt/19,;Acrobat PDF 1.5 - Portable Document Format,;7
PDFA_2_b_50506491X.pdf;V3\;Not yet assigned,;not known,;7
PDFA_2_b_50506491X.pdf;V31\;fmt/19,;Acrobat PDF 1.5 - Portable Document Format,;7
PDFA_2_b_50506491X.pdf;V32\;fmt/19,;Acrobat PDF 1.5 - Portable Document Format,;7
PDFA_2_b_50506491X.pdf;V33\;fmt/19,;Acrobat PDF 1.5 - Portable Document Format,;7
PDFA_2_b_50506491X.pdf;V34\;fmt/19,;Acrobat PDF 1.5 - Portable Document Format,;7
PDFA_2_b_50506491X.pdf;V35\;fmt/19,;Acrobat PDF 1.5 - Portable Document Format,;7
PDFA_2_b_50506491X.pdf;V36\;fmt/19,;Acrobat PDF 1.5 - Portable Document Format,;7
PDFA_2_b_50506491X.pdf;V37\;fmt/19,;Acrobat PDF 1.5 - Portable Document Format,;7
PDFA_2_b_50506491X.pdf;V38\;fmt/19,;Acrobat PDF 1.5 - Portable Document Format,;7
PDFA_2_b_50506491X.pdf;V39\;fmt/19,;Acrobat PDF 1.5 - Portable Document Format,;7
PDFA_2_b_50506491X.pdf;V4\;Not yet assigned,;not known,;7
PDFA_2_b_50506491X.pdf;V40\;fmt/19,;Acrobat PDF 1.5 - Portable Document Format,;7
PDFA_2_b_50506491X.pdf;V41\;fmt/19,;Acrobat PDF 1.5 - Portable Document Format,;7
PDFA_2_b_50506491X.pdf;V42\;fmt/19,;Acrobat PDF 1.5 - Portable Document Format,;7
PDFA_2_b_50506491X.pdf;V43\;fmt/19,;Acrobat PDF 1.5 - Portable Document Format,;7
PDFA_2_b_50506491X.pdf;V44\;fmt/19,;Acrobat PDF 1.5 - Portable Document Format,;7
PDFA_2_b_50506491X.pdf;V45\;fmt/19,;Acrobat PDF 1.5 - Portable Document Format,;7
PDFA_2_b_50506491X.pdf;V46\;fmt/19,;Acrobat PDF 1.5 - Portable Document Format,;7
PDFA_2_b_50506491X.pdf;V47\;fmt/19,;Acrobat PDF 1.5 - Portable Document Format,;7
PDFA_2_b_50506491X.pdf;V48\;fmt/19,;Acrobat PDF 1.5 - Portable Document Format,;7
PDFA_2_b_50506491X.pdf;V49\;fmt/19,;Acrobat PDF 1.5 - Portable Document Format,;7
PDFA_2_b_50506491X.pdf;V5\;fmt/19,;Acrobat PDF 1.5 - Portable Document Format,;7
PDFA_2_b_50506491X.pdf;V50\;fmt/19,;Acrobat PDF 1.5 - Portable Document Format,;7
PDFA_2_b_50506491X.pdf;V51\;fmt/19,;Acrobat PDF 1.5 - Portable Document Format,;7
PDFA_2_b_50506491X.pdf;V52\;fmt/19,;Acrobat PDF 1.5 - Portable Document Format,;7
PDFA_2_b_50506491X.pdf;V55\;fmt/19,;Acrobat PDF 1.5 - Portable Document Format,;7
PDFA_2_b_50506491X.pdf;V58\;fmt/19,;Acrobat PDF 1.5 - Portable Document Format,;7
PDFA_2_b_50506491X.pdf;V59\;fmt/19,;Acrobat PDF 1.5 - Portable Document Format,;7
PDFA_2_b_50506491X.pdf;V6\;fmt/19,;Acrobat PDF 1.5 - Portable Document Format,;7
PDFA_2_b_50506491X.pdf;V60\;fmt/19,;Acrobat PDF 1.5 - Portable Document Format,;7
PDFA_2_b_50506491X.pdf;V61\;fmt/19,;Acrobat PDF 1.5 - Portable Document Format,;7
PDFA_2_b_50506491X.pdf;V62\;fmt/19,;Acrobat PDF 1.5 - Portable Document Format,;7
PDFA_2_b_50506491X.pdf;V63\;fmt/19,;Acrobat PDF 1.5 - Portable Document Format,;7
PDFA_2_b_50506491X.pdf;V65\;fmt/477,;Acrobat PDF/A - Portable Document Format,;7
PDFA_2_b_50506491X.pdf;V66\;fmt/477,;Acrobat PDF/A - Portable Document Format,;7
PDFA_2_b_50506491X.pdf;V67\;fmt/477,;Acrobat PDF/A - Portable Document Format,;7
PDFA_2_b_50506491X.pdf;V68\;fmt/477,;Acrobat PDF/A - Portable Document Format,;7
PDFA_2_b_50506491X.pdf;V69\;fmt/477,;Acrobat PDF/A - Portable Document Format,;7
PDFA_2_b_50506491X.pdf;V7\;fmt/19,;Acrobat PDF 1.5 - Portable Document Format,;7
PDFA_2_b_50506491X.pdf;V70\;fmt/477,;Acrobat PDF/A - Portable Document Format,;7
PDFA_2_b_50506491X.pdf;V72\;fmt/477,;Acrobat PDF/A - Portable Document Format,;7
PDFA_2_b_50506491X.pdf;V73\;fmt/477,;Acrobat PDF/A - Portable Document Format,;7
PDFA_2_b_50506491X.pdf;V74\;fmt/477,;Acrobat PDF/A - Portable Document Format,;7
PDFA_2_b_50506491X.pdf;V75\;fmt/477,;Acrobat PDF/A - Portable Document Format,;7
PDFA_2_b_50506491X.pdf;V77\;fmt/477,;Acrobat PDF/A - Portable Document Format,;7
PDFA_2_b_50506491X.pdf;V78\;fmt/477,;Acrobat PDF/A - Portable Document Format,;7
PDFA_2_b_50506491X.pdf;V79\;fmt/477,;Acrobat PDF/A - Portable Document Format,;7
PDFA_2_b_50506491X.pdf;V8\;fmt/19,;Acrobat PDF 1.5 - Portable Document Format,;7
PDFA_2_b_50506491X.pdf;V81\;fmt/477,;Acrobat PDF/A - Portable Document Format,;7
PDFA_2_b_50506491X.pdf;V82\;fmt/477,;Acrobat PDF/A - Portable Document Format,;7
PDFA_2_b_50506491X.pdf;V83\;fmt/477,;Acrobat PDF/A - Portable Document Format,;7
PDFA_2_b_50506491X.pdf;V84\;fmt/477,;Acrobat PDF/A - Portable Document Format,;7
PDFA_2_b_50506491X.pdf;V85\;fmt/477,;Acrobat PDF/A - Portable Document Format,;7
PDFA_2_b_50506491X.pdf;V86\;fmt/477,;Acrobat PDF/A - Portable Document Format,;7
PDFA_2_b_50506491X.pdf;V88\;fmt/477,;Acrobat PDF/A - Portable Document Format,;7
PDFA_2_b_50506491X.pdf;V9\;fmt/19,;Acrobat PDF 1.5 - Portable Document Format,;7
PDFA_2_b_50506491X.pdf;V90\;fmt/477,;Acrobat PDF/A - Portable Document Format,;7
PDFA_2_b_50506491X.pdf;V91\;fmt/477,;Acrobat PDF/A - Portable Document Format,;7
PDFA_2_b_50506491X.pdf;V92\;fmt/477,;Acrobat PDF/A - Portable Document Format,;7
PDFA_2_b_50506491X.pdf;V93\;fmt/477,;Acrobat PDF/A - Portable Document Format,;7
PDFA_2_b_50878977X.pdf;V1\;Unknown,;not known,;7
PDFA_2_b_50878977X.pdf;V10\;fmt/18,;Acrobat PDF 1.4 - Portable Document Format,;7
PDFA_2_b_50878977X.pdf;V11\;fmt/18,;Acrobat PDF 1.4 - Portable Document Format,;7
PDFA_2_b_50878977X.pdf;V12\;fmt/18,;Acrobat PDF 1.4 - Portable Document Format,;7
PDFA_2_b_50878977X.pdf;V13\;fmt/18,;Acrobat PDF 1.4 - Portable Document Format,;7
PDFA_2_b_50878977X.pdf;V16\;fmt/18,;Acrobat PDF 1.4 - Portable Document Format,;7
PDFA_2_b_50878977X.pdf;V17\;;;6
PDFA_2_b_50878977X.pdf;V18\;fmt/18,;Acrobat PDF 1.4 - Portable Document Format,;7
PDFA_2_b_50878977X.pdf;V19\;fmt/18,;Acrobat PDF 1.4 - Portable Document Format,;7
PDFA_2_b_50878977X.pdf;V2\;Not yet assigned,;not known,;7
PDFA_2_b_50878977X.pdf;V20\;fmt/18,;Acrobat PDF 1.4 - Portable Document Format,;7
PDFA_2_b_50878977X.pdf;V21\;fmt/18,;Acrobat PDF 1.4 - Portable Document Format,;7
PDFA_2_b_50878977X.pdf;V22\;fmt/18,fmt/95,;Acrobat PDF 1.4 - Portable Document Format,Acrobat PDF/A - Portable Document Format,;8
PDFA_2_b_50878977X.pdf;V23\;fmt/18,fmt/95,;Acrobat PDF 1.4 - Portable Document Format,Acrobat PDF/A - Portable Document Format,;8
PDFA_2_b_50878977X.pdf;V24\;fmt/18,fmt/95,;Acrobat PDF 1.4 - Portable Document Format,Acrobat PDF/A - Portable Document Format,;8
PDFA_2_b_50878977X.pdf;V25\;fmt/18,fmt/95,;Acrobat PDF 1.4 - Portable Document Format,Acrobat PDF/A - Portable Document Format,;8
PDFA_2_b_50878977X.pdf;V26\;fmt/18,fmt/95,;Acrobat PDF 1.4 - Portable Document Format,Acrobat PDF/A - Portable Document Format,;8
PDFA_2_b_50878977X.pdf;V28\;fmt/18,fmt/95,;Acrobat PDF 1.4 - Portable Document Format,Acrobat PDF/A - Portable Document Format,;8
PDFA_2_b_50878977X.pdf;V29\;fmt/18,fmt/95,;Acrobat PDF 1.4 - Portable Document Format,Acrobat PDF/A - Portable Document Format,;8
PDFA_2_b_50878977X.pdf;V3\;Not yet assigned,;not known,;7
PDFA_2_b_50878977X.pdf;V31\;fmt/18,fmt/95,;Acrobat PDF 1.4 - Portable Document Format,Acrobat PDF/A - Portable Document Format,;8
PDFA_2_b_50878977X.pdf;V32\;fmt/18,fmt/95,;Acrobat PDF 1.4 - Portable Document Format,Acrobat PDF/A - Portable Document Format,;8
PDFA_2_b_50878977X.pdf;V33\;fmt/18,fmt/95,;Acrobat PDF 1.4 - Portable Document Format,Acrobat PDF/A - Portable Document Format,;8
PDFA_2_b_50878977X.pdf;V34\;fmt/18,fmt/95,;Acrobat PDF 1.4 - Portable Document Format,Acrobat PDF/A - Portable Document Format,;8
PDFA_2_b_50878977X.pdf;V35\;fmt/18,fmt/95,;Acrobat PDF 1.4 - Portable Document Format,Acrobat PDF/A - Portable Document Format,;8
PDFA_2_b_50878977X.pdf;V36\;fmt/18,fmt/95,;Acrobat PDF 1.4 - Portable Document Format,Acrobat PDF/A - Portable Document Format,;8
PDFA_2_b_50878977X.pdf;V37\;fmt/18,fmt/95,;Acrobat PDF 1.4 - Portable Document Format,Acrobat PDF/A - Portable Document Format,;8
PDFA_2_b_50878977X.pdf;V38\;fmt/95,;Acrobat PDF/A - Portable Document Format,;7
PDFA_2_b_50878977X.pdf;V39\;fmt/95,;Acrobat PDF/A - Portable Document Format,;7
PDFA_2_b_50878977X.pdf;V4\;Not yet assigned,;not known,;7
PDFA_2_b_50878977X.pdf;V40\;fmt/95,;Acrobat PDF/A - Portable Document Format,;7
PDFA_2_b_50878977X.pdf;V41\;fmt/95,;Acrobat PDF/A - Portable Document Format,;7
PDFA_2_b_50878977X.pdf;V42\;fmt/95,;Acrobat PDF/A - Portable Document Format,;7
PDFA_2_b_50878977X.pdf;V43\;fmt/95,;Acrobat PDF/A - Portable Document Format,;7
PDFA_2_b_50878977X.pdf;V44\;fmt/95,;Acrobat PDF/A - Portable Document Format,;7
PDFA_2_b_50878977X.pdf;V45\;fmt/95,;Acrobat PDF/A - Portable Document Format,;7
PDFA_2_b_50878977X.pdf;V46\;fmt/95,;Acrobat PDF/A - Portable Document Format,;7
PDFA_2_b_50878977X.pdf;V47\;fmt/95,;Acrobat PDF/A - Portable Document Format,;7
PDFA_2_b_50878977X.pdf;V48\;fmt/95,;Acrobat PDF/A - Portable Document Format,;7
PDFA_2_b_50878977X.pdf;V49\;fmt/95,;Acrobat PDF/A - Portable Document Format,;7
PDFA_2_b_50878977X.pdf;V5\;fmt/18,;Acrobat PDF 1.4 - Portable Document Format,;7
PDFA_2_b_50878977X.pdf;V50\;fmt/95,;Acrobat PDF/A - Portable Document Format,;7
PDFA_2_b_50878977X.pdf;V51\;fmt/18,;Acrobat PDF 1.4 - Portable Document Format,;7
PDFA_2_b_50878977X.pdf;V52\;fmt/18,;Acrobat PDF 1.4 - Portable Document Format,;7
PDFA_2_b_50878977X.pdf;V55\;fmt/18,;Acrobat PDF 1.4 - Portable Document Format,;7
PDFA_2_b_50878977X.pdf;V58\;fmt/18,;Acrobat PDF 1.4 - Portable Document Format,;7
PDFA_2_b_50878977X.pdf;V59\;fmt/18,;Acrobat PDF 1.4 - Portable Document Format,;7
PDFA_2_b_50878977X.pdf;V6\;fmt/18,;Acrobat PDF 1.4 - Portable Document Format,;7
PDFA_2_b_50878977X.pdf;V60\;fmt/18,;Acrobat PDF 1.4 - Portable Document Format,;7
PDFA_2_b_50878977X.pdf;V61\;fmt/18,;Acrobat PDF 1.4 - Portable Document Format,;7
PDFA_2_b_50878977X.pdf;V62\;fmt/18,;Acrobat PDF 1.4 - Portable Document Format,;7
PDFA_2_b_50878977X.pdf;V63\;fmt/18,;Acrobat PDF 1.4 - Portable Document Format,;7
PDFA_2_b_50878977X.pdf;V65\;fmt/477,;Acrobat PDF/A - Portable Document Format,;7
PDFA_2_b_50878977X.pdf;V66\;fmt/477,;Acrobat PDF/A - Portable Document Format,;7
PDFA_2_b_50878977X.pdf;V67\;fmt/477,;Acrobat PDF/A - Portable Document Format,;7
PDFA_2_b_50878977X.pdf;V68\;fmt/477,;Acrobat PDF/A - Portable Document Format,;7
PDFA_2_b_50878977X.pdf;V69\;fmt/477,;Acrobat PDF/A - Portable Document Format,;7
PDFA_2_b_50878977X.pdf;V7\;fmt/18,;Acrobat PDF 1.4 - Portable Document Format,;7
PDFA_2_b_50878977X.pdf;V70\;fmt/477,;Acrobat PDF/A - Portable Document Format,;7
PDFA_2_b_50878977X.pdf;V72\;fmt/477,;Acrobat PDF/A - Portable Document Format,;7
PDFA_2_b_50878977X.pdf;V73\;fmt/477,;Acrobat PDF/A - Portable Document Format,;7
PDFA_2_b_50878977X.pdf;V74\;fmt/477,;Acrobat PDF/A - Portable Document Format,;7
PDFA_2_b_50878977X.pdf;V75\;fmt/477,;Acrobat PDF/A - Portable Document Format,;7
PDFA_2_b_50878977X.pdf;V77\;fmt/477,;Acrobat PDF/A - Portable Document Format,;7
PDFA_2_b_50878977X.pdf;V78\;fmt/477,;Acrobat PDF/A - Portable Document Format,;7
PDFA_2_b_50878977X.pdf;V79\;fmt/477,;Acrobat PDF/A - Portable Document Format,;7
PDFA_2_b_50878977X.pdf;V8\;fmt/18,;Acrobat PDF 1.4 - Portable Document Format,;7
PDFA_2_b_50878977X.pdf;V81\;fmt/477,;Acrobat PDF/A - Portable Document Format,;7
PDFA_2_b_50878977X.pdf;V82\;fmt/477,;Acrobat PDF/A - Portable Document Format,;7
PDFA_2_b_50878977X.pdf;V83\;fmt/477,;Acrobat PDF/A - Portable Document Format,;7
PDFA_2_b_50878977X.pdf;V84\;fmt/477,;Acrobat PDF/A - Portable Document Format,;7
PDFA_2_b_50878977X.pdf;V85\;fmt/477,;Acrobat PDF/A - Portable Document Format,;7
PDFA_2_b_50878977X.pdf;V86\;fmt/477,;Acrobat PDF/A - Portable Document Format,;7
PDFA_2_b_50878977X.pdf;V88\;fmt/477,;Acrobat PDF/A - Portable Document Format,;7
PDFA_2_b_50878977X.pdf;V9\;fmt/18,;Acrobat PDF 1.4 - Portable Document Format,;7
PDFA_2_b_50878977X.pdf;V90\;fmt/477,;Acrobat PDF/A - Portable Document Format,;7
PDFA_2_b_50878977X.pdf;V91\;fmt/477,;Acrobat PDF/A - Portable Document Format,;7
PDFA_2_b_50878977X.pdf;V92\;fmt/477,;Acrobat PDF/A - Portable Document Format,;7
PDFA_2_b_50878977X.pdf;V93\;fmt/477,;Acrobat PDF/A - Portable Document Format,;7
PDFA_2_b_50879353X.pdf;V1\;Unknown,;not known,;7
PDFA_2_b_50879353X.pdf;V10\;fmt/19,;Acrobat PDF 1.5 - Portable Document Format,;7
PDFA_2_b_50879353X.pdf;V11\;fmt/19,;Acrobat PDF 1.5 - Portable Document Format,;7
PDFA_2_b_50879353X.pdf;V12\;fmt/19,;Acrobat PDF 1.5 - Portable Document Format,;7
PDFA_2_b_50879353X.pdf;V13\;fmt/19,;Acrobat PDF 1.5 - Portable Document Format,;7
PDFA_2_b_50879353X.pdf;V16\;fmt/19,;Acrobat PDF 1.5 - Portable Document Format,;7
PDFA_2_b_50879353X.pdf;V17\;;;6
PDFA_2_b_50879353X.pdf;V18\;fmt/19,;Acrobat PDF 1.5 - Portable Document Format,;7
PDFA_2_b_50879353X.pdf;V19\;fmt/19,;Acrobat PDF 1.5 - Portable Document Format,;7
PDFA_2_b_50879353X.pdf;V2\;Not yet assigned,;not known,;7
PDFA_2_b_50879353X.pdf;V20\;fmt/19,;Acrobat PDF 1.5 - Portable Document Format,;7
PDFA_2_b_50879353X.pdf;V21\;fmt/19,;Acrobat PDF 1.5 - Portable Document Format,;7
PDFA_2_b_50879353X.pdf;V22\;fmt/19,;Acrobat PDF 1.5 - Portable Document Format,;7
PDFA_2_b_50879353X.pdf;V23\;fmt/19,;Acrobat PDF 1.5 - Portable Document Format,;7
PDFA_2_b_50879353X.pdf;V24\;fmt/19,;Acrobat PDF 1.5 - Portable Document Format,;7
PDFA_2_b_50879353X.pdf;V25\;fmt/19,;Acrobat PDF 1.5 - Portable Document Format,;7
PDFA_2_b_50879353X.pdf;V26\;fmt/19,;Acrobat PDF 1.5 - Portable Document Format,;7
PDFA_2_b_50879353X.pdf;V28\;fmt/19,;Acrobat PDF 1.5 - Portable Document Format,;7
PDFA_2_b_50879353X.pdf;V29\;fmt/19,;Acrobat PDF 1.5 - Portable Document Format,;7
PDFA_2_b_50879353X.pdf;V3\;Not yet assigned,;not known,;7
PDFA_2_b_50879353X.pdf;V31\;fmt/19,;Acrobat PDF 1.5 - Portable Document Format,;7
PDFA_2_b_50879353X.pdf;V32\;fmt/19,;Acrobat PDF 1.5 - Portable Document Format,;7
PDFA_2_b_50879353X.pdf;V33\;fmt/19,;Acrobat PDF 1.5 - Portable Document Format,;7
PDFA_2_b_50879353X.pdf;V34\;fmt/19,;Acrobat PDF 1.5 - Portable Document Format,;7
PDFA_2_b_50879353X.pdf;V35\;fmt/19,;Acrobat PDF 1.5 - Portable Document Format,;7
PDFA_2_b_50879353X.pdf;V36\;fmt/19,;Acrobat PDF 1.5 - Portable Document Format,;7
PDFA_2_b_50879353X.pdf;V37\;fmt/19,;Acrobat PDF 1.5 - Portable Document Format,;7
PDFA_2_b_50879353X.pdf;V38\;fmt/19,;Acrobat PDF 1.5 - Portable Document Format,;7
PDFA_2_b_50879353X.pdf;V39\;fmt/19,;Acrobat PDF 1.5 - Portable Document Format,;7
PDFA_2_b_50879353X.pdf;V4\;Not yet assigned,;not known,;7
PDFA_2_b_50879353X.pdf;V40\;fmt/19,;Acrobat PDF 1.5 - Portable Document Format,;7
PDFA_2_b_50879353X.pdf;V41\;fmt/19,;Acrobat PDF 1.5 - Portable Document Format,;7
PDFA_2_b_50879353X.pdf;V42\;fmt/19,;Acrobat PDF 1.5 - Portable Document Format,;7
PDFA_2_b_50879353X.pdf;V43\;fmt/19,;Acrobat PDF 1.5 - Portable Document Format,;7
PDFA_2_b_50879353X.pdf;V44\;fmt/19,;Acrobat PDF 1.5 - Portable Document Format,;7
PDFA_2_b_50879353X.pdf;V45\;fmt/19,;Acrobat PDF 1.5 - Portable Document Format,;7
PDFA_2_b_50879353X.pdf;V46\;fmt/19,;Acrobat PDF 1.5 - Portable Document Format,;7
PDFA_2_b_50879353X.pdf;V47\;fmt/19,;Acrobat PDF 1.5 - Portable Document Format,;7
PDFA_2_b_50879353X.pdf;V48\;fmt/19,;Acrobat PDF 1.5 - Portable Document Format,;7
PDFA_2_b_50879353X.pdf;V49\;fmt/19,;Acrobat PDF 1.5 - Portable Document Format,;7
PDFA_2_b_50879353X.pdf;V5\;fmt/19,;Acrobat PDF 1.5 - Portable Document Format,;7
PDFA_2_b_50879353X.pdf;V50\;fmt/19,;Acrobat PDF 1.5 - Portable Document Format,;7
PDFA_2_b_50879353X.pdf;V51\;fmt/19,;Acrobat PDF 1.5 - Portable Document Format,;7
PDFA_2_b_50879353X.pdf;V52\;fmt/19,;Acrobat PDF 1.5 - Portable Document Format,;7
PDFA_2_b_50879353X.pdf;V55\;fmt/19,;Acrobat PDF 1.5 - Portable Document Format,;7
PDFA_2_b_50879353X.pdf;V58\;fmt/19,;Acrobat PDF 1.5 - Portable Document Format,;7
PDFA_2_b_50879353X.pdf;V59\;fmt/19,;Acrobat PDF 1.5 - Portable Document Format,;7
PDFA_2_b_50879353X.pdf;V6\;fmt/19,;Acrobat PDF 1.5 - Portable Document Format,;7
PDFA_2_b_50879353X.pdf;V60\;fmt/19,;Acrobat PDF 1.5 - Portable Document Format,;7
PDFA_2_b_50879353X.pdf;V61\;fmt/19,;Acrobat PDF 1.5 - Portable Document Format,;7
PDFA_2_b_50879353X.pdf;V62\;fmt/19,;Acrobat PDF 1.5 - Portable Document Format,;7
PDFA_2_b_50879353X.pdf;V63\;fmt/19,;Acrobat PDF 1.5 - Portable Document Format,;7
PDFA_2_b_50879353X.pdf;V65\;fmt/477,;Acrobat PDF/A - Portable Document Format,;7
PDFA_2_b_50879353X.pdf;V66\;fmt/477,;Acrobat PDF/A - Portable Document Format,;7
PDFA_2_b_50879353X.pdf;V67\;fmt/477,;Acrobat PDF/A - Portable Document Format,;7
PDFA_2_b_50879353X.pdf;V68\;fmt/477,;Acrobat PDF/A - Portable Document Format,;7
PDFA_2_b_50879353X.pdf;V69\;fmt/477,;Acrobat PDF/A - Portable Document Format,;7
PDFA_2_b_50879353X.pdf;V7\;fmt/19,;Acrobat PDF 1.5 - Portable Document Format,;7
PDFA_2_b_50879353X.pdf;V70\;fmt/477,;Acrobat PDF/A - Portable Document Format,;7
PDFA_2_b_50879353X.pdf;V72\;fmt/477,;Acrobat PDF/A - Portable Document Format,;7
PDFA_2_b_50879353X.pdf;V73\;fmt/477,;Acrobat PDF/A - Portable Document Format,;7
PDFA_2_b_50879353X.pdf;V74\;fmt/477,;Acrobat PDF/A - Portable Document Format,;7
PDFA_2_b_50879353X.pdf;V75\;fmt/477,;Acrobat PDF/A - Portable Document Format,;7
PDFA_2_b_50879353X.pdf;V77\;fmt/477,;Acrobat PDF/A - Portable Document Format,;7
PDFA_2_b_50879353X.pdf;V78\;fmt/477,;Acrobat PDF/A - Portable Document Format,;7
PDFA_2_b_50879353X.pdf;V79\;fmt/477,;Acrobat PDF/A - Portable Document Format,;7
PDFA_2_b_50879353X.pdf;V8\;fmt/19,;Acrobat PDF 1.5 - Portable Document Format,;7
PDFA_2_b_50879353X.pdf;V81\;fmt/477,;Acrobat PDF/A - Portable Document Format,;7
PDFA_2_b_50879353X.pdf;V82\;fmt/477,;Acrobat PDF/A - Portable Document Format,;7
PDFA_2_b_50879353X.pdf;V83\;fmt/477,;Acrobat PDF/A - Portable Document Format,;7
PDFA_2_b_50879353X.pdf;V84\;fmt/477,;Acrobat PDF/A - Portable Document Format,;7
PDFA_2_b_50879353X.pdf;V85\;fmt/477,;Acrobat PDF/A - Portable Document Format,;7
PDFA_2_b_50879353X.pdf;V86\;fmt/477,;Acrobat PDF/A - Portable Document Format,;7
PDFA_2_b_50879353X.pdf;V88\;fmt/477,;Acrobat PDF/A - Portable Document Format,;7
PDFA_2_b_50879353X.pdf;V9\;fmt/19,;Acrobat PDF 1.5 - Portable Document Format,;7
PDFA_2_b_50879353X.pdf;V90\;fmt/477,;Acrobat PDF/A - Portable Document Format,;7
PDFA_2_b_50879353X.pdf;V91\;fmt/477,;Acrobat PDF/A - Portable Document Format,;7
PDFA_2_b_50879353X.pdf;V92\;fmt/477,;Acrobat PDF/A - Portable Document Format,;7
PDFA_2_b_50879353X.pdf;V93\;fmt/477,;Acrobat PDF/A - Portable Document Format,;7
PDFA_2_b_51293259X.pdf;V1\;Unknown,;not known,;7
PDFA_2_b_51293259X.pdf;V10\;fmt/18,;Acrobat PDF 1.4 - Portable Document Format,;7
PDFA_2_b_51293259X.pdf;V11\;fmt/18,;Acrobat PDF 1.4 - Portable Document Format,;7
PDFA_2_b_51293259X.pdf;V12\;fmt/18,;Acrobat PDF 1.4 - Portable Document Format,;7
PDFA_2_b_51293259X.pdf;V13\;fmt/18,;Acrobat PDF 1.4 - Portable Document Format,;7
PDFA_2_b_51293259X.pdf;V16\;fmt/18,;Acrobat PDF 1.4 - Portable Document Format,;7
PDFA_2_b_51293259X.pdf;V17\;;;6
PDFA_2_b_51293259X.pdf;V18\;fmt/18,;Acrobat PDF 1.4 - Portable Document Format,;7
PDFA_2_b_51293259X.pdf;V19\;fmt/18,;Acrobat PDF 1.4 - Portable Document Format,;7
PDFA_2_b_51293259X.pdf;V2\;Not yet assigned,;not known,;7
PDFA_2_b_51293259X.pdf;V20\;fmt/18,;Acrobat PDF 1.4 - Portable Document Format,;7
PDFA_2_b_51293259X.pdf;V21\;fmt/18,;Acrobat PDF 1.4 - Portable Document Format,;7
PDFA_2_b_51293259X.pdf;V22\;fmt/18,fmt/95,;Acrobat PDF 1.4 - Portable Document Format,Acrobat PDF/A - Portable Document Format,;8
PDFA_2_b_51293259X.pdf;V23\;fmt/18,fmt/95,;Acrobat PDF 1.4 - Portable Document Format,Acrobat PDF/A - Portable Document Format,;8
PDFA_2_b_51293259X.pdf;V24\;fmt/18,fmt/95,;Acrobat PDF 1.4 - Portable Document Format,Acrobat PDF/A - Portable Document Format,;8
PDFA_2_b_51293259X.pdf;V25\;fmt/18,fmt/95,;Acrobat PDF 1.4 - Portable Document Format,Acrobat PDF/A - Portable Document Format,;8
PDFA_2_b_51293259X.pdf;V26\;fmt/18,fmt/95,;Acrobat PDF 1.4 - Portable Document Format,Acrobat PDF/A - Portable Document Format,;8
PDFA_2_b_51293259X.pdf;V28\;fmt/18,fmt/95,;Acrobat PDF 1.4 - Portable Document Format,Acrobat PDF/A - Portable Document Format,;8
PDFA_2_b_51293259X.pdf;V29\;fmt/18,fmt/95,;Acrobat PDF 1.4 - Portable Document Format,Acrobat PDF/A - Portable Document Format,;8
PDFA_2_b_51293259X.pdf;V3\;Not yet assigned,;not known,;7
PDFA_2_b_51293259X.pdf;V31\;fmt/18,fmt/95,;Acrobat PDF 1.4 - Portable Document Format,Acrobat PDF/A - Portable Document Format,;8
PDFA_2_b_51293259X.pdf;V32\;fmt/18,fmt/95,;Acrobat PDF 1.4 - Portable Document Format,Acrobat PDF/A - Portable Document Format,;8
PDFA_2_b_51293259X.pdf;V33\;fmt/18,fmt/95,;Acrobat PDF 1.4 - Portable Document Format,Acrobat PDF/A - Portable Document Format,;8
PDFA_2_b_51293259X.pdf;V34\;fmt/18,fmt/95,;Acrobat PDF 1.4 - Portable Document Format,Acrobat PDF/A - Portable Document Format,;8
PDFA_2_b_51293259X.pdf;V35\;fmt/18,fmt/95,;Acrobat PDF 1.4 - Portable Document Format,Acrobat PDF/A - Portable Document Format,;8
PDFA_2_b_51293259X.pdf;V36\;fmt/18,fmt/95,;Acrobat PDF 1.4 - Portable Document Format,Acrobat PDF/A - Portable Document Format,;8
PDFA_2_b_51293259X.pdf;V37\;fmt/18,fmt/95,;Acrobat PDF 1.4 - Portable Document Format,Acrobat PDF/A - Portable Document Format,;8
PDFA_2_b_51293259X.pdf;V38\;fmt/95,;Acrobat PDF/A - Portable Document Format,;7
PDFA_2_b_51293259X.pdf;V39\;fmt/95,;Acrobat PDF/A - Portable Document Format,;7
PDFA_2_b_51293259X.pdf;V4\;Not yet assigned,;not known,;7
PDFA_2_b_51293259X.pdf;V40\;fmt/95,;Acrobat PDF/A - Portable Document Format,;7
PDFA_2_b_51293259X.pdf;V41\;fmt/95,;Acrobat PDF/A - Portable Document Format,;7
PDFA_2_b_51293259X.pdf;V42\;fmt/95,;Acrobat PDF/A - Portable Document Format,;7
PDFA_2_b_51293259X.pdf;V43\;fmt/95,;Acrobat PDF/A - Portable Document Format,;7
PDFA_2_b_51293259X.pdf;V44\;fmt/95,;Acrobat PDF/A - Portable Document Format,;7
PDFA_2_b_51293259X.pdf;V45\;fmt/95,;Acrobat PDF/A - Portable Document Format,;7
PDFA_2_b_51293259X.pdf;V46\;fmt/95,;Acrobat PDF/A - Portable Document Format,;7
PDFA_2_b_51293259X.pdf;V47\;fmt/95,;Acrobat PDF/A - Portable Document Format,;7
PDFA_2_b_51293259X.pdf;V48\;fmt/95,;Acrobat PDF/A - Portable Document Format,;7
PDFA_2_b_51293259X.pdf;V49\;fmt/95,;Acrobat PDF/A - Portable Document Format,;7
PDFA_2_b_51293259X.pdf;V5\;fmt/18,;Acrobat PDF 1.4 - Portable Document Format,;7
PDFA_2_b_51293259X.pdf;V50\;fmt/95,;Acrobat PDF/A - Portable Document Format,;7
PDFA_2_b_51293259X.pdf;V51\;fmt/18,;Acrobat PDF 1.4 - Portable Document Format,;7
PDFA_2_b_51293259X.pdf;V52\;fmt/18,;Acrobat PDF 1.4 - Portable Document Format,;7
PDFA_2_b_51293259X.pdf;V55\;fmt/18,;Acrobat PDF 1.4 - Portable Document Format,;7
PDFA_2_b_51293259X.pdf;V58\;fmt/18,;Acrobat PDF 1.4 - Portable Document Format,;7
PDFA_2_b_51293259X.pdf;V59\;fmt/18,;Acrobat PDF 1.4 - Portable Document Format,;7
PDFA_2_b_51293259X.pdf;V6\;fmt/18,;Acrobat PDF 1.4 - Portable Document Format,;7
PDFA_2_b_51293259X.pdf;V60\;fmt/18,;Acrobat PDF 1.4 - Portable Document Format,;7
PDFA_2_b_51293259X.pdf;V61\;fmt/18,;Acrobat PDF 1.4 - Portable Document Format,;7
PDFA_2_b_51293259X.pdf;V62\;fmt/18,;Acrobat PDF 1.4 - Portable Document Format,;7
PDFA_2_b_51293259X.pdf;V63\;fmt/18,;Acrobat PDF 1.4 - Portable Document Format,;7
PDFA_2_b_51293259X.pdf;V65\;fmt/477,;Acrobat PDF/A - Portable Document Format,;7
PDFA_2_b_51293259X.pdf;V66\;fmt/477,;Acrobat PDF/A - Portable Document Format,;7
PDFA_2_b_51293259X.pdf;V67\;fmt/477,;Acrobat PDF/A - Portable Document Format,;7
PDFA_2_b_51293259X.pdf;V68\;fmt/477,;Acrobat PDF/A - Portable Document Format,;7
PDFA_2_b_51293259X.pdf;V69\;fmt/477,;Acrobat PDF/A - Portable Document Format,;7
PDFA_2_b_51293259X.pdf;V7\;fmt/18,;Acrobat PDF 1.4 - Portable Document Format,;7
PDFA_2_b_51293259X.pdf;V70\;fmt/477,;Acrobat PDF/A - Portable Document Format,;7
PDFA_2_b_51293259X.pdf;V72\;fmt/477,;Acrobat PDF/A - Portable Document Format,;7
PDFA_2_b_51293259X.pdf;V73\;fmt/477,;Acrobat PDF/A - Portable Document Format,;7
PDFA_2_b_51293259X.pdf;V74\;fmt/477,;Acrobat PDF/A - Portable Document Format,;7
PDFA_2_b_51293259X.pdf;V75\;fmt/477,;Acrobat PDF/A - Portable Document Format,;7
PDFA_2_b_51293259X.pdf;V77\;fmt/477,;Acrobat PDF/A - Portable Document Format,;7
PDFA_2_b_51293259X.pdf;V78\;fmt/477,;Acrobat PDF/A - Portable Document Format,;7
PDFA_2_b_51293259X.pdf;V79\;fmt/477,;Acrobat PDF/A - Portable Document Format,;7
PDFA_2_b_51293259X.pdf;V8\;fmt/18,;Acrobat PDF 1.4 - Portable Document Format,;7
PDFA_2_b_51293259X.pdf;V81\;fmt/477,;Acrobat PDF/A - Portable Document Format,;7
PDFA_2_b_51293259X.pdf;V82\;fmt/477,;Acrobat PDF/A - Portable Document Format,;7
PDFA_2_b_51293259X.pdf;V83\;fmt/477,;Acrobat PDF/A - Portable Document Format,;7
PDFA_2_b_51293259X.pdf;V84\;fmt/477,;Acrobat PDF/A - Portable Document Format,;7
PDFA_2_b_51293259X.pdf;V85\;fmt/477,;Acrobat PDF/A - Portable Document Format,;7
PDFA_2_b_51293259X.pdf;V86\;fmt/477,;Acrobat PDF/A - Portable Document Format,;7
PDFA_2_b_51293259X.pdf;V88\;fmt/477,;Acrobat PDF/A - Portable Document Format,;7
PDFA_2_b_51293259X.pdf;V9\;fmt/18,;Acrobat PDF 1.4 - Portable Document Format,;7
PDFA_2_b_51293259X.pdf;V90\;fmt/477,;Acrobat PDF/A - Portable Document Format,;7
PDFA_2_b_51293259X.pdf;V91\;fmt/477,;Acrobat PDF/A - Portable Document Format,;7
PDFA_2_b_51293259X.pdf;V92\;fmt/477,;Acrobat PDF/A - Portable Document Format,;7
PDFA_2_b_51293259X.pdf;V93\;fmt/477,;Acrobat PDF/A - Portable Document Format,;7
PDFA_2_b_51487905X.pdf;V1\;Unknown,;not known,;7
PDFA_2_b_51487905X.pdf;V10\;fmt/17,;Acrobat PDF 1.3 - Portable Document Format,;7
PDFA_2_b_51487905X.pdf;V11\;fmt/17,;Acrobat PDF 1.3 - Portable Document Format,;7
PDFA_2_b_51487905X.pdf;V12\;fmt/17,;Acrobat PDF 1.3 - Portable Document Format,;7
PDFA_2_b_51487905X.pdf;V13\;fmt/17,;Acrobat PDF 1.3 - Portable Document Format,;7
PDFA_2_b_51487905X.pdf;V16\;fmt/17,;Acrobat PDF 1.3 - Portable Document Format,;7
PDFA_2_b_51487905X.pdf;V17\;;;6
PDFA_2_b_51487905X.pdf;V18\;fmt/17,;Acrobat PDF 1.3 - Portable Document Format,;7
PDFA_2_b_51487905X.pdf;V19\;fmt/17,;Acrobat PDF 1.3 - Portable Document Format,;7
PDFA_2_b_51487905X.pdf;V2\;Not yet assigned,;not known,;7
PDFA_2_b_51487905X.pdf;V20\;fmt/17,;Acrobat PDF 1.3 - Portable Document Format,;7
PDFA_2_b_51487905X.pdf;V21\;fmt/17,;Acrobat PDF 1.3 - Portable Document Format,;7
PDFA_2_b_51487905X.pdf;V22\;fmt/17,;Acrobat PDF 1.3 - Portable Document Format,;7
PDFA_2_b_51487905X.pdf;V23\;fmt/17,;Acrobat PDF 1.3 - Portable Document Format,;7
PDFA_2_b_51487905X.pdf;V24\;fmt/17,;Acrobat PDF 1.3 - Portable Document Format,;7
PDFA_2_b_51487905X.pdf;V25\;fmt/17,;Acrobat PDF 1.3 - Portable Document Format,;7
PDFA_2_b_51487905X.pdf;V26\;fmt/17,;Acrobat PDF 1.3 - Portable Document Format,;7
PDFA_2_b_51487905X.pdf;V28\;fmt/17,;Acrobat PDF 1.3 - Portable Document Format,;7
PDFA_2_b_51487905X.pdf;V29\;fmt/17,;Acrobat PDF 1.3 - Portable Document Format,;7
PDFA_2_b_51487905X.pdf;V3\;Not yet assigned,;not known,;7
PDFA_2_b_51487905X.pdf;V31\;fmt/17,;Acrobat PDF 1.3 - Portable Document Format,;7
PDFA_2_b_51487905X.pdf;V32\;fmt/17,;Acrobat PDF 1.3 - Portable Document Format,;7
PDFA_2_b_51487905X.pdf;V33\;fmt/17,;Acrobat PDF 1.3 - Portable Document Format,;7
PDFA_2_b_51487905X.pdf;V34\;fmt/17,;Acrobat PDF 1.3 - Portable Document Format,;7
PDFA_2_b_51487905X.pdf;V35\;fmt/17,;Acrobat PDF 1.3 - Portable Document Format,;7
PDFA_2_b_51487905X.pdf;V36\;fmt/17,;Acrobat PDF 1.3 - Portable Document Format,;7
PDFA_2_b_51487905X.pdf;V37\;fmt/17,;Acrobat PDF 1.3 - Portable Document Format,;7
PDFA_2_b_51487905X.pdf;V38\;fmt/17,;Acrobat PDF 1.3 - Portable Document Format,;7
PDFA_2_b_51487905X.pdf;V39\;fmt/17,;Acrobat PDF 1.3 - Portable Document Format,;7
PDFA_2_b_51487905X.pdf;V4\;Not yet assigned,;not known,;7
PDFA_2_b_51487905X.pdf;V40\;fmt/17,;Acrobat PDF 1.3 - Portable Document Format,;7
PDFA_2_b_51487905X.pdf;V41\;fmt/17,;Acrobat PDF 1.3 - Portable Document Format,;7
PDFA_2_b_51487905X.pdf;V42\;fmt/17,;Acrobat PDF 1.3 - Portable Document Format,;7
PDFA_2_b_51487905X.pdf;V43\;fmt/17,;Acrobat PDF 1.3 - Portable Document Format,;7
PDFA_2_b_51487905X.pdf;V44\;fmt/17,;Acrobat PDF 1.3 - Portable Document Format,;7
PDFA_2_b_51487905X.pdf;V45\;fmt/17,;Acrobat PDF 1.3 - Portable Document Format,;7
PDFA_2_b_51487905X.pdf;V46\;fmt/17,;Acrobat PDF 1.3 - Portable Document Format,;7
PDFA_2_b_51487905X.pdf;V47\;fmt/17,;Acrobat PDF 1.3 - Portable Document Format,;7
PDFA_2_b_51487905X.pdf;V48\;fmt/17,;Acrobat PDF 1.3 - Portable Document Format,;7
PDFA_2_b_51487905X.pdf;V49\;fmt/17,;Acrobat PDF 1.3 - Portable Document Format,;7
PDFA_2_b_51487905X.pdf;V5\;fmt/17,;Acrobat PDF 1.3 - Portable Document Format,;7
PDFA_2_b_51487905X.pdf;V50\;fmt/17,;Acrobat PDF 1.3 - Portable Document Format,;7
PDFA_2_b_51487905X.pdf;V51\;fmt/17,;Acrobat PDF 1.3 - Portable Document Format,;7
PDFA_2_b_51487905X.pdf;V52\;fmt/17,;Acrobat PDF 1.3 - Portable Document Format,;7
PDFA_2_b_51487905X.pdf;V55\;fmt/17,;Acrobat PDF 1.3 - Portable Document Format,;7
PDFA_2_b_51487905X.pdf;V58\;fmt/17,;Acrobat PDF 1.3 - Portable Document Format,;7
PDFA_2_b_51487905X.pdf;V59\;fmt/17,;Acrobat PDF 1.3 - Portable Document Format,;7
PDFA_2_b_51487905X.pdf;V6\;fmt/17,;Acrobat PDF 1.3 - Portable Document Format,;7
PDFA_2_b_51487905X.pdf;V60\;fmt/17,;Acrobat PDF 1.3 - Portable Document Format,;7
PDFA_2_b_51487905X.pdf;V61\;fmt/17,;Acrobat PDF 1.3 - Portable Document Format,;7
PDFA_2_b_51487905X.pdf;V62\;fmt/17,;Acrobat PDF 1.3 - Portable Document Format,;7
PDFA_2_b_51487905X.pdf;V63\;fmt/17,;Acrobat PDF 1.3 - Portable Document Format,;7
PDFA_2_b_51487905X.pdf;V65\;fmt/477,;Acrobat PDF/A - Portable Document Format,;7
PDFA_2_b_51487905X.pdf;V66\;fmt/477,;Acrobat PDF/A - Portable Document Format,;7
PDFA_2_b_51487905X.pdf;V67\;fmt/477,;Acrobat PDF/A - Portable Document Format,;7
PDFA_2_b_51487905X.pdf;V68\;fmt/477,;Acrobat PDF/A - Portable Document Format,;7
PDFA_2_b_51487905X.pdf;V69\;fmt/477,;Acrobat PDF/A - Portable Document Format,;7
PDFA_2_b_51487905X.pdf;V7\;fmt/17,;Acrobat PDF 1.3 - Portable Document Format,;7
PDFA_2_b_51487905X.pdf;V70\;fmt/477,;Acrobat PDF/A - Portable Document Format,;7
PDFA_2_b_51487905X.pdf;V72\;fmt/477,;Acrobat PDF/A - Portable Document Format,;7
PDFA_2_b_51487905X.pdf;V73\;fmt/477,;Acrobat PDF/A - Portable Document Format,;7
PDFA_2_b_51487905X.pdf;V74\;fmt/477,;Acrobat PDF/A - Portable Document Format,;7
PDFA_2_b_51487905X.pdf;V75\;fmt/477,;Acrobat PDF/A - Portable Document Format,;7
PDFA_2_b_51487905X.pdf;V77\;fmt/477,;Acrobat PDF/A - Portable Document Format,;7
PDFA_2_b_51487905X.pdf;V78\;fmt/477,;Acrobat PDF/A - Portable Document Format,;7
PDFA_2_b_51487905X.pdf;V79\;fmt/477,;Acrobat PDF/A - Portable Document Format,;7
PDFA_2_b_51487905X.pdf;V8\;fmt/17,;Acrobat PDF 1.3 - Portable Document Format,;7
PDFA_2_b_51487905X.pdf;V81\;fmt/477,;Acrobat PDF/A - Portable Document Format,;7
PDFA_2_b_51487905X.pdf;V82\;fmt/477,;Acrobat PDF/A - Portable Document Format,;7
PDFA_2_b_51487905X.pdf;V83\;fmt/477,;Acrobat PDF/A - Portable Document Format,;7
PDFA_2_b_51487905X.pdf;V84\;fmt/477,;Acrobat PDF/A - Portable Document Format,;7
PDFA_2_b_51487905X.pdf;V85\;fmt/477,;Acrobat PDF/A - Portable Document Format,;7
PDFA_2_b_51487905X.pdf;V86\;fmt/477,;Acrobat PDF/A - Portable Document Format,;7
PDFA_2_b_51487905X.pdf;V88\;fmt/477,;Acrobat PDF/A - Portable Document Format,;7
PDFA_2_b_51487905X.pdf;V9\;fmt/17,;Acrobat PDF 1.3 - Portable Document Format,;7
PDFA_2_b_51487905X.pdf;V90\;fmt/477,;Acrobat PDF/A - Portable Document Format,;7
PDFA_2_b_51487905X.pdf;V91\;fmt/477,;Acrobat PDF/A - Portable Document Format,;7
PDFA_2_b_51487905X.pdf;V92\;fmt/477,;Acrobat PDF/A - Portable Document Format,;7
PDFA_2_b_51487905X.pdf;V93\;fmt/477,;Acrobat PDF/A - Portable Document Format,;7
PDFA_2_b_57179923X.pdf;V1\;Unknown,;not known,;7
PDFA_2_b_57179923X.pdf;V10\;fmt/20,;Acrobat PDF 1.6 - Portable Document Format,;7
PDFA_2_b_57179923X.pdf;V11\;fmt/20,;Acrobat PDF 1.6 - Portable Document Format,;7
PDFA_2_b_57179923X.pdf;V12\;fmt/20,;Acrobat PDF 1.6 - Portable Document Format,;7
PDFA_2_b_57179923X.pdf;V13\;fmt/20,;Acrobat PDF 1.6 - Portable Document Format,;7
PDFA_2_b_57179923X.pdf;V16\;fmt/20,;Acrobat PDF 1.6 - Portable Document Format,;7
PDFA_2_b_57179923X.pdf;V17\;;;6
PDFA_2_b_57179923X.pdf;V18\;fmt/20,;Acrobat PDF 1.6 - Portable Document Format,;7
PDFA_2_b_57179923X.pdf;V19\;fmt/20,;Acrobat PDF 1.6 - Portable Document Format,;7
PDFA_2_b_57179923X.pdf;V2\;Not yet assigned,;not known,;7
PDFA_2_b_57179923X.pdf;V20\;fmt/20,;Acrobat PDF 1.6 - Portable Document Format,;7
PDFA_2_b_57179923X.pdf;V21\;fmt/20,;Acrobat PDF 1.6 - Portable Document Format,;7
PDFA_2_b_57179923X.pdf;V22\;fmt/20,;Acrobat PDF 1.6 - Portable Document Format,;7
PDFA_2_b_57179923X.pdf;V23\;fmt/20,;Acrobat PDF 1.6 - Portable Document Format,;7
PDFA_2_b_57179923X.pdf;V24\;fmt/20,;Acrobat PDF 1.6 - Portable Document Format,;7
PDFA_2_b_57179923X.pdf;V25\;fmt/20,;Acrobat PDF 1.6 - Portable Document Format,;7
PDFA_2_b_57179923X.pdf;V26\;fmt/20,;Acrobat PDF 1.6 - Portable Document Format,;7
PDFA_2_b_57179923X.pdf;V28\;fmt/20,;Acrobat PDF 1.6 - Portable Document Format,;7
PDFA_2_b_57179923X.pdf;V29\;fmt/20,;Acrobat PDF 1.6 - Portable Document Format,;7
PDFA_2_b_57179923X.pdf;V3\;Not yet assigned,;not known,;7
PDFA_2_b_57179923X.pdf;V31\;fmt/20,;Acrobat PDF 1.6 - Portable Document Format,;7
PDFA_2_b_57179923X.pdf;V32\;fmt/20,;Acrobat PDF 1.6 - Portable Document Format,;7
PDFA_2_b_57179923X.pdf;V33\;fmt/20,;Acrobat PDF 1.6 - Portable Document Format,;7
PDFA_2_b_57179923X.pdf;V34\;fmt/20,;Acrobat PDF 1.6 - Portable Document Format,;7
PDFA_2_b_57179923X.pdf;V35\;fmt/20,;Acrobat PDF 1.6 - Portable Document Format,;7
PDFA_2_b_57179923X.pdf;V36\;fmt/20,;Acrobat PDF 1.6 - Portable Document Format,;7
PDFA_2_b_57179923X.pdf;V37\;fmt/20,;Acrobat PDF 1.6 - Portable Document Format,;7
PDFA_2_b_57179923X.pdf;V38\;fmt/20,;Acrobat PDF 1.6 - Portable Document Format,;7
PDFA_2_b_57179923X.pdf;V39\;fmt/20,;Acrobat PDF 1.6 - Portable Document Format,;7
PDFA_2_b_57179923X.pdf;V4\;Not yet assigned,;not known,;7
PDFA_2_b_57179923X.pdf;V40\;fmt/20,;Acrobat PDF 1.6 - Portable Document Format,;7
PDFA_2_b_57179923X.pdf;V41\;fmt/20,;Acrobat PDF 1.6 - Portable Document Format,;7
PDFA_2_b_57179923X.pdf;V42\;fmt/20,;Acrobat PDF 1.6 - Portable Document Format,;7
PDFA_2_b_57179923X.pdf;V43\;fmt/20,;Acrobat PDF 1.6 - Portable Document Format,;7
PDFA_2_b_57179923X.pdf;V44\;fmt/20,;Acrobat PDF 1.6 - Portable Document Format,;7
PDFA_2_b_57179923X.pdf;V45\;fmt/20,;Acrobat PDF 1.6 - Portable Document Format,;7
PDFA_2_b_57179923X.pdf;V46\;fmt/20,;Acrobat PDF 1.6 - Portable Document Format,;7
PDFA_2_b_57179923X.pdf;V47\;fmt/20,;Acrobat PDF 1.6 - Portable Document Format,;7
PDFA_2_b_57179923X.pdf;V48\;fmt/20,;Acrobat PDF 1.6 - Portable Document Format,;7
PDFA_2_b_57179923X.pdf;V49\;fmt/20,;Acrobat PDF 1.6 - Portable Document Format,;7
PDFA_2_b_57179923X.pdf;V5\;fmt/20,;Acrobat PDF 1.6 - Portable Document Format,;7
PDFA_2_b_57179923X.pdf;V50\;fmt/20,;Acrobat PDF 1.6 - Portable Document Format,;7
PDFA_2_b_57179923X.pdf;V51\;fmt/20,;Acrobat PDF 1.6 - Portable Document Format,;7
PDFA_2_b_57179923X.pdf;V52\;fmt/20,;Acrobat PDF 1.6 - Portable Document Format,;7
PDFA_2_b_57179923X.pdf;V55\;fmt/20,;Acrobat PDF 1.6 - Portable Document Format,;7
PDFA_2_b_57179923X.pdf;V58\;fmt/20,;Acrobat PDF 1.6 - Portable Document Format,;7
PDFA_2_b_57179923X.pdf;V59\;fmt/20,;Acrobat PDF 1.6 - Portable Document Format,;7
PDFA_2_b_57179923X.pdf;V6\;fmt/20,;Acrobat PDF 1.6 - Portable Document Format,;7
PDFA_2_b_57179923X.pdf;V60\;fmt/20,;Acrobat PDF 1.6 - Portable Document Format,;7
PDFA_2_b_57179923X.pdf;V61\;fmt/20,;Acrobat PDF 1.6 - Portable Document Format,;7
PDFA_2_b_57179923X.pdf;V62\;fmt/20,;Acrobat PDF 1.6 - Portable Document Format,;7
PDFA_2_b_57179923X.pdf;V63\;fmt/20,;Acrobat PDF 1.6 - Portable Document Format,;7
PDFA_2_b_57179923X.pdf;V65\;fmt/477,;Acrobat PDF/A - Portable Document Format,;7
PDFA_2_b_57179923X.pdf;V66\;fmt/477,;Acrobat PDF/A - Portable Document Format,;7
PDFA_2_b_57179923X.pdf;V67\;fmt/477,;Acrobat PDF/A - Portable Document Format,;7
PDFA_2_b_57179923X.pdf;V68\;fmt/477,;Acrobat PDF/A - Portable Document Format,;7
PDFA_2_b_57179923X.pdf;V69\;fmt/477,;Acrobat PDF/A - Portable Document Format,;7
PDFA_2_b_57179923X.pdf;V7\;fmt/20,;Acrobat PDF 1.6 - Portable Document Format,;7
PDFA_2_b_57179923X.pdf;V70\;fmt/477,;Acrobat PDF/A - Portable Document Format,;7
PDFA_2_b_57179923X.pdf;V72\;fmt/477,;Acrobat PDF/A - Portable Document Format,;7
PDFA_2_b_57179923X.pdf;V73\;fmt/477,;Acrobat PDF/A - Portable Document Format,;7
PDFA_2_b_57179923X.pdf;V74\;fmt/477,;Acrobat PDF/A - Portable Document Format,;7
PDFA_2_b_57179923X.pdf;V75\;fmt/477,;Acrobat PDF/A - Portable Document Format,;7
PDFA_2_b_57179923X.pdf;V77\;fmt/477,;Acrobat PDF/A - Portable Document Format,;7
PDFA_2_b_57179923X.pdf;V78\;fmt/477,;Acrobat PDF/A - Portable Document Format,;7
PDFA_2_b_57179923X.pdf;V79\;fmt/477,;Acrobat PDF/A - Portable Document Format,;7
PDFA_2_b_57179923X.pdf;V8\;fmt/20,;Acrobat PDF 1.6 - Portable Document Format,;7
PDFA_2_b_57179923X.pdf;V81\;fmt/477,;Acrobat PDF/A - Portable Document Format,;7
PDFA_2_b_57179923X.pdf;V82\;fmt/477,;Acrobat PDF/A - Portable Document Format,;7
PDFA_2_b_57179923X.pdf;V83\;fmt/477,;Acrobat PDF/A - Portable Document Format,;7
PDFA_2_b_57179923X.pdf;V84\;fmt/477,;Acrobat PDF/A - Portable Document Format,;7
PDFA_2_b_57179923X.pdf;V85\;fmt/477,;Acrobat PDF/A - Portable Document Format,;7
PDFA_2_b_57179923X.pdf;V86\;fmt/477,;Acrobat PDF/A - Portable Document Format,;7
PDFA_2_b_57179923X.pdf;V88\;fmt/477,;Acrobat PDF/A - Portable Document Format,;7
PDFA_2_b_57179923X.pdf;V9\;fmt/20,;Acrobat PDF 1.6 - Portable Document Format,;7
PDFA_2_b_57179923X.pdf;V90\;fmt/477,;Acrobat PDF/A - Portable Document Format,;7
PDFA_2_b_57179923X.pdf;V91\;fmt/477,;Acrobat PDF/A - Portable Document Format,;7
PDFA_2_b_57179923X.pdf;V92\;fmt/477,;Acrobat PDF/A - Portable Document Format,;7
PDFA_2_b_57179923X.pdf;V93\;fmt/477,;Acrobat PDF/A - Portable Document Format,;7
PDFA_2_b_65458253X.pdf;V1\;Unknown,;not known,;7
PDFA_2_b_65458253X.pdf;V10\;fmt/17,;Acrobat PDF 1.3 - Portable Document Format,;7
PDFA_2_b_65458253X.pdf;V11\;fmt/17,;Acrobat PDF 1.3 - Portable Document Format,;7
PDFA_2_b_65458253X.pdf;V12\;fmt/17,;Acrobat PDF 1.3 - Portable Document Format,;7
PDFA_2_b_65458253X.pdf;V13\;fmt/17,;Acrobat PDF 1.3 - Portable Document Format,;7
PDFA_2_b_65458253X.pdf;V16\;fmt/17,;Acrobat PDF 1.3 - Portable Document Format,;7
PDFA_2_b_65458253X.pdf;V17\;;;6
PDFA_2_b_65458253X.pdf;V18\;fmt/17,;Acrobat PDF 1.3 - Portable Document Format,;7
PDFA_2_b_65458253X.pdf;V19\;fmt/17,;Acrobat PDF 1.3 - Portable Document Format,;7
PDFA_2_b_65458253X.pdf;V2\;Not yet assigned,;not known,;7
PDFA_2_b_65458253X.pdf;V20\;fmt/17,;Acrobat PDF 1.3 - Portable Document Format,;7
PDFA_2_b_65458253X.pdf;V21\;fmt/17,;Acrobat PDF 1.3 - Portable Document Format,;7
PDFA_2_b_65458253X.pdf;V22\;fmt/17,;Acrobat PDF 1.3 - Portable Document Format,;7
PDFA_2_b_65458253X.pdf;V23\;fmt/17,;Acrobat PDF 1.3 - Portable Document Format,;7
PDFA_2_b_65458253X.pdf;V24\;fmt/17,;Acrobat PDF 1.3 - Portable Document Format,;7
PDFA_2_b_65458253X.pdf;V25\;fmt/17,;Acrobat PDF 1.3 - Portable Document Format,;7
PDFA_2_b_65458253X.pdf;V26\;fmt/17,;Acrobat PDF 1.3 - Portable Document Format,;7
PDFA_2_b_65458253X.pdf;V28\;fmt/17,;Acrobat PDF 1.3 - Portable Document Format,;7
PDFA_2_b_65458253X.pdf;V29\;fmt/17,;Acrobat PDF 1.3 - Portable Document Format,;7
PDFA_2_b_65458253X.pdf;V3\;Not yet assigned,;not known,;7
PDFA_2_b_65458253X.pdf;V31\;fmt/17,;Acrobat PDF 1.3 - Portable Document Format,;7
PDFA_2_b_65458253X.pdf;V32\;fmt/17,;Acrobat PDF 1.3 - Portable Document Format,;7
PDFA_2_b_65458253X.pdf;V33\;fmt/17,;Acrobat PDF 1.3 - Portable Document Format,;7
PDFA_2_b_65458253X.pdf;V34\;fmt/17,;Acrobat PDF 1.3 - Portable Document Format,;7
PDFA_2_b_65458253X.pdf;V35\;fmt/17,;Acrobat PDF 1.3 - Portable Document Format,;7
PDFA_2_b_65458253X.pdf;V36\;fmt/17,;Acrobat PDF 1.3 - Portable Document Format,;7
PDFA_2_b_65458253X.pdf;V37\;fmt/17,;Acrobat PDF 1.3 - Portable Document Format,;7
PDFA_2_b_65458253X.pdf;V38\;fmt/17,;Acrobat PDF 1.3 - Portable Document Format,;7
PDFA_2_b_65458253X.pdf;V39\;fmt/17,;Acrobat PDF 1.3 - Portable Document Format,;7
PDFA_2_b_65458253X.pdf;V4\;Not yet assigned,;not known,;7
PDFA_2_b_65458253X.pdf;V40\;fmt/17,;Acrobat PDF 1.3 - Portable Document Format,;7
PDFA_2_b_65458253X.pdf;V41\;fmt/17,;Acrobat PDF 1.3 - Portable Document Format,;7
PDFA_2_b_65458253X.pdf;V42\;fmt/17,;Acrobat PDF 1.3 - Portable Document Format,;7
PDFA_2_b_65458253X.pdf;V43\;fmt/17,;Acrobat PDF 1.3 - Portable Document Format,;7
PDFA_2_b_65458253X.pdf;V44\;fmt/17,;Acrobat PDF 1.3 - Portable Document Format,;7
PDFA_2_b_65458253X.pdf;V45\;fmt/17,;Acrobat PDF 1.3 - Portable Document Format,;7
PDFA_2_b_65458253X.pdf;V46\;fmt/17,;Acrobat PDF 1.3 - Portable Document Format,;7
PDFA_2_b_65458253X.pdf;V47\;fmt/17,;Acrobat PDF 1.3 - Portable Document Format,;7
PDFA_2_b_65458253X.pdf;V48\;fmt/17,;Acrobat PDF 1.3 - Portable Document Format,;7
PDFA_2_b_65458253X.pdf;V49\;fmt/17,;Acrobat PDF 1.3 - Portable Document Format,;7
PDFA_2_b_65458253X.pdf;V5\;fmt/17,;Acrobat PDF 1.3 - Portable Document Format,;7
PDFA_2_b_65458253X.pdf;V50\;fmt/17,;Acrobat PDF 1.3 - Portable Document Format,;7
PDFA_2_b_65458253X.pdf;V51\;fmt/17,;Acrobat PDF 1.3 - Portable Document Format,;7
PDFA_2_b_65458253X.pdf;V52\;fmt/17,;Acrobat PDF 1.3 - Portable Document Format,;7
PDFA_2_b_65458253X.pdf;V55\;fmt/17,;Acrobat PDF 1.3 - Portable Document Format,;7
PDFA_2_b_65458253X.pdf;V58\;fmt/17,;Acrobat PDF 1.3 - Portable Document Format,;7
PDFA_2_b_65458253X.pdf;V59\;fmt/17,;Acrobat PDF 1.3 - Portable Document Format,;7
PDFA_2_b_65458253X.pdf;V6\;fmt/17,;Acrobat PDF 1.3 - Portable Document Format,;7
PDFA_2_b_65458253X.pdf;V60\;fmt/17,;Acrobat PDF 1.3 - Portable Document Format,;7
PDFA_2_b_65458253X.pdf;V61\;fmt/17,;Acrobat PDF 1.3 - Portable Document Format,;7
PDFA_2_b_65458253X.pdf;V62\;fmt/17,;Acrobat PDF 1.3 - Portable Document Format,;7
PDFA_2_b_65458253X.pdf;V63\;fmt/17,;Acrobat PDF 1.3 - Portable Document Format,;7
PDFA_2_b_65458253X.pdf;V65\;fmt/477,;Acrobat PDF/A - Portable Document Format,;7
PDFA_2_b_65458253X.pdf;V66\;fmt/477,;Acrobat PDF/A - Portable Document Format,;7
PDFA_2_b_65458253X.pdf;V67\;fmt/477,;Acrobat PDF/A - Portable Document Format,;7
PDFA_2_b_65458253X.pdf;V68\;fmt/477,;Acrobat PDF/A - Portable Document Format,;7
PDFA_2_b_65458253X.pdf;V69\;fmt/477,;Acrobat PDF/A - Portable Document Format,;7
PDFA_2_b_65458253X.pdf;V7\;fmt/17,;Acrobat PDF 1.3 - Portable Document Format,;7
PDFA_2_b_65458253X.pdf;V70\;fmt/477,;Acrobat PDF/A - Portable Document Format,;7
PDFA_2_b_65458253X.pdf;V72\;fmt/477,;Acrobat PDF/A - Portable Document Format,;7
PDFA_2_b_65458253X.pdf;V73\;fmt/477,;Acrobat PDF/A - Portable Document Format,;7
PDFA_2_b_65458253X.pdf;V74\;fmt/477,;Acrobat PDF/A - Portable Document Format,;7
PDFA_2_b_65458253X.pdf;V75\;fmt/477,;Acrobat PDF/A - Portable Document Format,;7
PDFA_2_b_65458253X.pdf;V77\;fmt/477,;Acrobat PDF/A - Portable Document Format,;7
PDFA_2_b_65458253X.pdf;V78\;fmt/477,;Acrobat PDF/A - Portable Document Format,;7
PDFA_2_b_65458253X.pdf;V79\;fmt/477,;Acrobat PDF/A - Portable Document Format,;7
PDFA_2_b_65458253X.pdf;V8\;fmt/17,;Acrobat PDF 1.3 - Portable Document Format,;7
PDFA_2_b_65458253X.pdf;V81\;fmt/477,;Acrobat PDF/A - Portable Document Format,;7
PDFA_2_b_65458253X.pdf;V82\;fmt/477,;Acrobat PDF/A - Portable Document Format,;7
PDFA_2_b_65458253X.pdf;V83\;fmt/477,;Acrobat PDF/A - Portable Document Format,;7
PDFA_2_b_65458253X.pdf;V84\;fmt/477,;Acrobat PDF/A - Portable Document Format,;7
PDFA_2_b_65458253X.pdf;V85\;fmt/477,;Acrobat PDF/A - Portable Document Format,;7
PDFA_2_b_65458253X.pdf;V86\;fmt/477,;Acrobat PDF/A - Portable Document Format,;7
PDFA_2_b_65458253X.pdf;V88\;fmt/477,;Acrobat PDF/A - Portable Document Format,;7
PDFA_2_b_65458253X.pdf;V9\;fmt/17,;Acrobat PDF 1.3 - Portable Document Format,;7
PDFA_2_b_65458253X.pdf;V90\;fmt/477,;Acrobat PDF/A - Portable Document Format,;7
PDFA_2_b_65458253X.pdf;V91\;fmt/477,;Acrobat PDF/A - Portable Document Format,;7
PDFA_2_b_65458253X.pdf;V92\;fmt/477,;Acrobat PDF/A - Portable Document Format,;7
PDFA_2_b_65458253X.pdf;V93\;fmt/477,;Acrobat PDF/A - Portable Document Format,;7
PDFA_2_b_66427627X.pdf;V1\;Unknown,;not known,;7
PDFA_2_b_66427627X.pdf;V10\;fmt/20,;Acrobat PDF 1.6 - Portable Document Format,;7
PDFA_2_b_66427627X.pdf;V11\;fmt/20,;Acrobat PDF 1.6 - Portable Document Format,;7
PDFA_2_b_66427627X.pdf;V12\;fmt/20,;Acrobat PDF 1.6 - Portable Document Format,;7
PDFA_2_b_66427627X.pdf;V13\;fmt/20,;Acrobat PDF 1.6 - Portable Document Format,;7
PDFA_2_b_66427627X.pdf;V16\;fmt/20,;Acrobat PDF 1.6 - Portable Document Format,;7
PDFA_2_b_66427627X.pdf;V17\;;;6
PDFA_2_b_66427627X.pdf;V18\;fmt/20,;Acrobat PDF 1.6 - Portable Document Format,;7
PDFA_2_b_66427627X.pdf;V19\;fmt/20,;Acrobat PDF 1.6 - Portable Document Format,;7
PDFA_2_b_66427627X.pdf;V2\;Not yet assigned,;not known,;7
PDFA_2_b_66427627X.pdf;V20\;fmt/20,;Acrobat PDF 1.6 - Portable Document Format,;7
PDFA_2_b_66427627X.pdf;V21\;fmt/20,;Acrobat PDF 1.6 - Portable Document Format,;7
PDFA_2_b_66427627X.pdf;V22\;fmt/20,;Acrobat PDF 1.6 - Portable Document Format,;7
PDFA_2_b_66427627X.pdf;V23\;fmt/20,;Acrobat PDF 1.6 - Portable Document Format,;7
PDFA_2_b_66427627X.pdf;V24\;fmt/20,;Acrobat PDF 1.6 - Portable Document Format,;7
PDFA_2_b_66427627X.pdf;V25\;fmt/20,;Acrobat PDF 1.6 - Portable Document Format,;7
PDFA_2_b_66427627X.pdf;V26\;fmt/20,;Acrobat PDF 1.6 - Portable Document Format,;7
PDFA_2_b_66427627X.pdf;V28\;fmt/20,;Acrobat PDF 1.6 - Portable Document Format,;7
PDFA_2_b_66427627X.pdf;V29\;fmt/20,;Acrobat PDF 1.6 - Portable Document Format,;7
PDFA_2_b_66427627X.pdf;V3\;Not yet assigned,;not known,;7
PDFA_2_b_66427627X.pdf;V31\;fmt/20,;Acrobat PDF 1.6 - Portable Document Format,;7
PDFA_2_b_66427627X.pdf;V32\;fmt/20,;Acrobat PDF 1.6 - Portable Document Format,;7
PDFA_2_b_66427627X.pdf;V33\;fmt/20,;Acrobat PDF 1.6 - Portable Document Format,;7
PDFA_2_b_66427627X.pdf;V34\;fmt/20,;Acrobat PDF 1.6 - Portable Document Format,;7
PDFA_2_b_66427627X.pdf;V35\;fmt/20,;Acrobat PDF 1.6 - Portable Document Format,;7
PDFA_2_b_66427627X.pdf;V36\;fmt/20,;Acrobat PDF 1.6 - Portable Document Format,;7
PDFA_2_b_66427627X.pdf;V37\;fmt/20,;Acrobat PDF 1.6 - Portable Document Format,;7
PDFA_2_b_66427627X.pdf;V38\;fmt/20,;Acrobat PDF 1.6 - Portable Document Format,;7
PDFA_2_b_66427627X.pdf;V39\;fmt/20,;Acrobat PDF 1.6 - Portable Document Format,;7
PDFA_2_b_66427627X.pdf;V4\;Not yet assigned,;not known,;7
PDFA_2_b_66427627X.pdf;V40\;fmt/20,;Acrobat PDF 1.6 - Portable Document Format,;7
PDFA_2_b_66427627X.pdf;V41\;fmt/20,;Acrobat PDF 1.6 - Portable Document Format,;7
PDFA_2_b_66427627X.pdf;V42\;fmt/20,;Acrobat PDF 1.6 - Portable Document Format,;7
PDFA_2_b_66427627X.pdf;V43\;fmt/20,;Acrobat PDF 1.6 - Portable Document Format,;7
PDFA_2_b_66427627X.pdf;V44\;fmt/20,;Acrobat PDF 1.6 - Portable Document Format,;7
PDFA_2_b_66427627X.pdf;V45\;fmt/20,;Acrobat PDF 1.6 - Portable Document Format,;7
PDFA_2_b_66427627X.pdf;V46\;fmt/20,;Acrobat PDF 1.6 - Portable Document Format,;7
PDFA_2_b_66427627X.pdf;V47\;fmt/20,;Acrobat PDF 1.6 - Portable Document Format,;7
PDFA_2_b_66427627X.pdf;V48\;fmt/20,;Acrobat PDF 1.6 - Portable Document Format,;7
PDFA_2_b_66427627X.pdf;V49\;fmt/20,;Acrobat PDF 1.6 - Portable Document Format,;7
PDFA_2_b_66427627X.pdf;V5\;fmt/20,;Acrobat PDF 1.6 - Portable Document Format,;7
PDFA_2_b_66427627X.pdf;V50\;fmt/20,;Acrobat PDF 1.6 - Portable Document Format,;7
PDFA_2_b_66427627X.pdf;V51\;fmt/20,;Acrobat PDF 1.6 - Portable Document Format,;7
PDFA_2_b_66427627X.pdf;V52\;fmt/20,;Acrobat PDF 1.6 - Portable Document Format,;7
PDFA_2_b_66427627X.pdf;V55\;fmt/20,;Acrobat PDF 1.6 - Portable Document Format,;7
PDFA_2_b_66427627X.pdf;V58\;fmt/20,;Acrobat PDF 1.6 - Portable Document Format,;7
PDFA_2_b_66427627X.pdf;V59\;fmt/20,;Acrobat PDF 1.6 - Portable Document Format,;7
PDFA_2_b_66427627X.pdf;V6\;fmt/20,;Acrobat PDF 1.6 - Portable Document Format,;7
PDFA_2_b_66427627X.pdf;V60\;fmt/20,;Acrobat PDF 1.6 - Portable Document Format,;7
PDFA_2_b_66427627X.pdf;V61\;fmt/20,;Acrobat PDF 1.6 - Portable Document Format,;7
PDFA_2_b_66427627X.pdf;V62\;fmt/20,;Acrobat PDF 1.6 - Portable Document Format,;7
PDFA_2_b_66427627X.pdf;V63\;fmt/20,;Acrobat PDF 1.6 - Portable Document Format,;7
PDFA_2_b_66427627X.pdf;V65\;fmt/477,;Acrobat PDF/A - Portable Document Format,;7
PDFA_2_b_66427627X.pdf;V66\;fmt/477,;Acrobat PDF/A - Portable Document Format,;7
PDFA_2_b_66427627X.pdf;V67\;fmt/477,;Acrobat PDF/A - Portable Document Format,;7
PDFA_2_b_66427627X.pdf;V68\;fmt/477,;Acrobat PDF/A - Portable Document Format,;7
PDFA_2_b_66427627X.pdf;V69\;fmt/477,;Acrobat PDF/A - Portable Document Format,;7
PDFA_2_b_66427627X.pdf;V7\;fmt/20,;Acrobat PDF 1.6 - Portable Document Format,;7
PDFA_2_b_66427627X.pdf;V70\;fmt/477,;Acrobat PDF/A - Portable Document Format,;7
PDFA_2_b_66427627X.pdf;V72\;fmt/477,;Acrobat PDF/A - Portable Document Format,;7
PDFA_2_b_66427627X.pdf;V73\;fmt/477,;Acrobat PDF/A - Portable Document Format,;7
PDFA_2_b_66427627X.pdf;V74\;fmt/477,;Acrobat PDF/A - Portable Document Format,;7
PDFA_2_b_66427627X.pdf;V75\;fmt/477,;Acrobat PDF/A - Portable Document Format,;7
PDFA_2_b_66427627X.pdf;V77\;fmt/477,;Acrobat PDF/A - Portable Document Format,;7
PDFA_2_b_66427627X.pdf;V78\;fmt/477,;Acrobat PDF/A - Portable Document Format,;7
PDFA_2_b_66427627X.pdf;V79\;fmt/477,;Acrobat PDF/A - Portable Document Format,;7
PDFA_2_b_66427627X.pdf;V8\;fmt/20,;Acrobat PDF 1.6 - Portable Document Format,;7
PDFA_2_b_66427627X.pdf;V81\;fmt/477,;Acrobat PDF/A - Portable Document Format,;7
PDFA_2_b_66427627X.pdf;V82\;fmt/477,;Acrobat PDF/A - Portable Document Format,;7
PDFA_2_b_66427627X.pdf;V83\;fmt/477,;Acrobat PDF/A - Portable Document Format,;7
PDFA_2_b_66427627X.pdf;V84\;fmt/477,;Acrobat PDF/A - Portable Document Format,;7
PDFA_2_b_66427627X.pdf;V85\;fmt/477,;Acrobat PDF/A - Portable Document Format,;7
PDFA_2_b_66427627X.pdf;V86\;fmt/477,;Acrobat PDF/A - Portable Document Format,;7
PDFA_2_b_66427627X.pdf;V88\;fmt/477,;Acrobat PDF/A - Portable Document Format,;7
PDFA_2_b_66427627X.pdf;V9\;fmt/20,;Acrobat PDF 1.6 - Portable Document Format,;7
PDFA_2_b_66427627X.pdf;V90\;fmt/477,;Acrobat PDF/A - Portable Document Format,;7
PDFA_2_b_66427627X.pdf;V91\;fmt/477,;Acrobat PDF/A - Portable Document Format,;7
PDFA_2_b_66427627X.pdf;V92\;fmt/477,;Acrobat PDF/A - Portable Document Format,;7
PDFA_2_b_66427627X.pdf;V93\;fmt/477,;Acrobat PDF/A - Portable Document Format,;7
PDFA_2_b_66499461X.pdf;V1\;Unknown,;not known,;7
PDFA_2_b_66499461X.pdf;V10\;Unknown,;not known,;7
PDFA_2_b_66499461X.pdf;V11\;Unknown,;not known,;7
PDFA_2_b_66499461X.pdf;V12\;Unknown,;not known,;7
PDFA_2_b_66499461X.pdf;V13\;Unknown,;not known,;7
PDFA_2_b_66499461X.pdf;V16\;fmt/20,;Acrobat PDF 1.6 - Portable Document Format,;7
PDFA_2_b_66499461X.pdf;V17\;;;6
PDFA_2_b_66499461X.pdf;V18\;fmt/20,;Acrobat PDF 1.6 - Portable Document Format,;7
PDFA_2_b_66499461X.pdf;V19\;fmt/20,;Acrobat PDF 1.6 - Portable Document Format,;7
PDFA_2_b_66499461X.pdf;V2\;Unknown,;not known,;7
PDFA_2_b_66499461X.pdf;V20\;Unknown,;not known,;7
PDFA_2_b_66499461X.pdf;V21\;fmt/20,;Acrobat PDF 1.6 - Portable Document Format,;7
PDFA_2_b_66499461X.pdf;V22\;fmt/20,;Acrobat PDF 1.6 - Portable Document Format,;7
PDFA_2_b_66499461X.pdf;V23\;fmt/20,;Acrobat PDF 1.6 - Portable Document Format,;7
PDFA_2_b_66499461X.pdf;V24\;fmt/20,;Acrobat PDF 1.6 - Portable Document Format,;7
PDFA_2_b_66499461X.pdf;V25\;fmt/20,;Acrobat PDF 1.6 - Portable Document Format,;7
PDFA_2_b_66499461X.pdf;V26\;fmt/20,;Acrobat PDF 1.6 - Portable Document Format,;7
PDFA_2_b_66499461X.pdf;V28\;fmt/20,;Acrobat PDF 1.6 - Portable Document Format,;7
PDFA_2_b_66499461X.pdf;V29\;fmt/20,;Acrobat PDF 1.6 - Portable Document Format,;7
PDFA_2_b_66499461X.pdf;V3\;Unknown,;not known,;7
PDFA_2_b_66499461X.pdf;V31\;fmt/20,;Acrobat PDF 1.6 - Portable Document Format,;7
PDFA_2_b_66499461X.pdf;V32\;fmt/20,;Acrobat PDF 1.6 - Portable Document Format,;7
PDFA_2_b_66499461X.pdf;V33\;fmt/20,;Acrobat PDF 1.6 - Portable Document Format,;7
PDFA_2_b_66499461X.pdf;V34\;fmt/20,;Acrobat PDF 1.6 - Portable Document Format,;7
PDFA_2_b_66499461X.pdf;V35\;fmt/20,;Acrobat PDF 1.6 - Portable Document Format,;7
PDFA_2_b_66499461X.pdf;V36\;fmt/20,;Acrobat PDF 1.6 - Portable Document Format,;7
PDFA_2_b_66499461X.pdf;V37\;fmt/20,;Acrobat PDF 1.6 - Portable Document Format,;7
PDFA_2_b_66499461X.pdf;V38\;fmt/20,;Acrobat PDF 1.6 - Portable Document Format,;7
PDFA_2_b_66499461X.pdf;V39\;fmt/20,;Acrobat PDF 1.6 - Portable Document Format,;7
PDFA_2_b_66499461X.pdf;V4\;Unknown,;not known,;7
PDFA_2_b_66499461X.pdf;V40\;fmt/20,;Acrobat PDF 1.6 - Portable Document Format,;7
PDFA_2_b_66499461X.pdf;V41\;fmt/20,;Acrobat PDF 1.6 - Portable Document Format,;7
PDFA_2_b_66499461X.pdf;V42\;fmt/20,;Acrobat PDF 1.6 - Portable Document Format,;7
PDFA_2_b_66499461X.pdf;V43\;fmt/20,;Acrobat PDF 1.6 - Portable Document Format,;7
PDFA_2_b_66499461X.pdf;V44\;fmt/20,;Acrobat PDF 1.6 - Portable Document Format,;7
PDFA_2_b_66499461X.pdf;V45\;fmt/20,;Acrobat PDF 1.6 - Portable Document Format,;7
PDFA_2_b_66499461X.pdf;V46\;fmt/20,;Acrobat PDF 1.6 - Portable Document Format,;7
PDFA_2_b_66499461X.pdf;V47\;fmt/20,;Acrobat PDF 1.6 - Portable Document Format,;7
PDFA_2_b_66499461X.pdf;V48\;fmt/20,;Acrobat PDF 1.6 - Portable Document Format,;7
PDFA_2_b_66499461X.pdf;V49\;fmt/20,;Acrobat PDF 1.6 - Portable Document Format,;7
PDFA_2_b_66499461X.pdf;V5\;Unknown,;not known,;7
PDFA_2_b_66499461X.pdf;V50\;fmt/20,;Acrobat PDF 1.6 - Portable Document Format,;7
PDFA_2_b_66499461X.pdf;V51\;fmt/20,;Acrobat PDF 1.6 - Portable Document Format,;7
PDFA_2_b_66499461X.pdf;V52\;fmt/20,;Acrobat PDF 1.6 - Portable Document Format,;7
PDFA_2_b_66499461X.pdf;V55\;fmt/20,;Acrobat PDF 1.6 - Portable Document Format,;7
PDFA_2_b_66499461X.pdf;V58\;fmt/20,;Acrobat PDF 1.6 - Portable Document Format,;7
PDFA_2_b_66499461X.pdf;V59\;fmt/20,;Acrobat PDF 1.6 - Portable Document Format,;7
PDFA_2_b_66499461X.pdf;V6\;Unknown,;not known,;7
PDFA_2_b_66499461X.pdf;V60\;fmt/20,;Acrobat PDF 1.6 - Portable Document Format,;7
PDFA_2_b_66499461X.pdf;V61\;fmt/20,;Acrobat PDF 1.6 - Portable Document Format,;7
PDFA_2_b_66499461X.pdf;V62\;fmt/20,;Acrobat PDF 1.6 - Portable Document Format,;7
PDFA_2_b_66499461X.pdf;V63\;fmt/20,;Acrobat PDF 1.6 - Portable Document Format,;7
PDFA_2_b_66499461X.pdf;V65\;fmt/477,;Acrobat PDF/A - Portable Document Format,;7
PDFA_2_b_66499461X.pdf;V66\;fmt/477,;Acrobat PDF/A - Portable Document Format,;7
PDFA_2_b_66499461X.pdf;V67\;fmt/477,;Acrobat PDF/A - Portable Document Format,;7
PDFA_2_b_66499461X.pdf;V68\;fmt/477,;Acrobat PDF/A - Portable Document Format,;7
PDFA_2_b_66499461X.pdf;V69\;fmt/477,;Acrobat PDF/A - Portable Document Format,;7
PDFA_2_b_66499461X.pdf;V7\;Unknown,;not known,;7
PDFA_2_b_66499461X.pdf;V70\;fmt/477,;Acrobat PDF/A - Portable Document Format,;7
PDFA_2_b_66499461X.pdf;V72\;fmt/477,;Acrobat PDF/A - Portable Document Format,;7
PDFA_2_b_66499461X.pdf;V73\;fmt/477,;Acrobat PDF/A - Portable Document Format,;7
PDFA_2_b_66499461X.pdf;V74\;fmt/477,;Acrobat PDF/A - Portable Document Format,;7
PDFA_2_b_66499461X.pdf;V75\;fmt/477,;Acrobat PDF/A - Portable Document Format,;7
PDFA_2_b_66499461X.pdf;V77\;fmt/477,;Acrobat PDF/A - Portable Document Format,;7
PDFA_2_b_66499461X.pdf;V78\;fmt/477,;Acrobat PDF/A - Portable Document Format,;7
PDFA_2_b_66499461X.pdf;V79\;fmt/477,;Acrobat PDF/A - Portable Document Format,;7
PDFA_2_b_66499461X.pdf;V8\;Unknown,;not known,;7
PDFA_2_b_66499461X.pdf;V81\;fmt/477,;Acrobat PDF/A - Portable Document Format,;7
PDFA_2_b_66499461X.pdf;V82\;fmt/477,;Acrobat PDF/A - Portable Document Format,;7
PDFA_2_b_66499461X.pdf;V83\;fmt/477,;Acrobat PDF/A - Portable Document Format,;7
PDFA_2_b_66499461X.pdf;V84\;fmt/477,;Acrobat PDF/A - Portable Document Format,;7
PDFA_2_b_66499461X.pdf;V85\;fmt/477,;Acrobat PDF/A - Portable Document Format,;7
PDFA_2_b_66499461X.pdf;V86\;fmt/477,;Acrobat PDF/A - Portable Document Format,;7
PDFA_2_b_66499461X.pdf;V88\;fmt/477,;Acrobat PDF/A - Portable Document Format,;7
PDFA_2_b_66499461X.pdf;V9\;Unknown,;not known,;7
PDFA_2_b_66499461X.pdf;V90\;fmt/477,;Acrobat PDF/A - Portable Document Format,;7
PDFA_2_b_66499461X.pdf;V91\;fmt/477,;Acrobat PDF/A - Portable Document Format,;7
PDFA_2_b_66499461X.pdf;V92\;fmt/477,;Acrobat PDF/A - Portable Document Format,;7
PDFA_2_b_66499461X.pdf;V93\;fmt/477,;Acrobat PDF/A - Portable Document Format,;7
